ID,method,fanIN,fanOUT,localVar,parametersCount,commentToCodeRatio,countPath,complexity,execStmt,maxNesting,readability,cos,Purpose,Notice,UnderDev,StyleAndIde,Metadata,Discarded,featureEnvy,longParam,messageChains,longMethod,methodHistories,authors,stmtAdded,maxStmtAdded,avgStmtAdded,stmtDeleted,maxStmtDeleted,avgStmtDeleted,churn,maxChurn,avgChurn,decl,cond,elseAdded,elseDeleted,developers,ownership,entropy,buggy,APC exp coeff,APX exp base,APC poly coeff,APC poly power
3,com.puppycrawl.tools.checkstyle.checks.j2ee.AllTests:main,0,1,0,1,0.0,0,1,3,0,0.13779160380363464,0.0,0,0,0,0,0,0,0,0,1,0,2,2,6.0,3.0,3.0,0.0,0.0,0.0,6.0,3.0,3.0,0.0,0.0,0.0,0.0,0.5,0.3333333333333333,0.0,false,0,0,1.0,0
3,com.puppycrawl.tools.checkstyle.checks.indentation.IndentationCheckTest:testValidForWithChecker,0,4,0,0,0.0,0,3,7,0,0.29095879197120667,0.0,0,0,0,0,0,0,0,0,0,0,2,2,12.0,6.0,6.0,0.0,0.0,0.0,12.0,6.0,6.0,0.0,0.0,0.0,0.0,0.5,0.16666666666666666,0.0,false,0,0,1.0,0
3,com.puppycrawl.tools.checkstyle.checks.javadoc.JavadocMethodCheck:setAllowMissingThrowsTags,0,0,0,1,1.25,0,2,4,0,0.9552665948867798,0.35294117647058826,0,0,0,0,0,0,0,0,0,0,2,2,0.0,0.0,0.0,0.0,0.0,0.0,0.0,0.0,0.0,0.0,0.0,0.0,0.0,0.5,0.0,0.0,true,0,0,1.0,0
3,com.puppycrawl.tools.checkstyle.checks.indentation.IndentationCheckTest:testInvalidTryWithChecker,0,4,0,0,0.0,0,4,7,0,0.0,0.0,0,0,0,0,0,0,0,0,0,0,2,2,12.0,6.0,6.0,0.0,0.0,0.0,12.0,6.0,6.0,0.0,0.0,0.0,0.0,0.5,0.16666666666666666,0.0,false,0,0,1.0,0
3,com.puppycrawl.tools.checkstyle.checks.naming.AbstractClassNameCheck:AbstractClassNameCheck,0,0,0,0,0.5,0,1,4,0,0.9768966436386108,0.33333333333333337,0,0,0,0,0,0,0,0,0,0,2,2,8.0,4.0,4.0,0.0,0.0,0.0,8.0,4.0,4.0,0.0,0.0,0.0,0.0,0.5,0.25,0.0,false,0,0,1.0,0
3,com.puppycrawl.tools.checkstyle.checks.indentation.IndentationCheckTest:testValidMethodWithChecker,0,4,0,0,0.0,0,3,7,0,0.2870762348175049,0.0,0,0,0,0,0,0,0,0,0,0,2,2,12.0,6.0,6.0,0.0,0.0,0.0,12.0,6.0,6.0,0.0,0.0,0.0,0.0,0.5,0.16666666666666666,0.0,false,0,0,1.0,0
3,com.puppycrawl.tools.checkstyle.gui.JTreeTable:JTreeTable,0,17,0,1,0.0,2,4,32,2,0.0,0.0,0,0,0,0,0,0,0,0,0,0,2,2,60.0,30.0,30.0,0.0,0.0,0.0,60.0,30.0,30.0,0.0,2.0,-2.0,-2.0,0.5,0.03333333333333333,0.0,false,0,0,2.0,0
3,com.puppycrawl.tools.checkstyle.checks.javadoc.JavadocMethodCheck:isMissingJavadocAllowed,1,2,0,1,2.5,0,6,4,0,0.9906459450721741,0.6048147367590061,0,0,0,0,0,0,0,0,0,0,1,1,7.0,7.0,7.0,0.0,0.0,0.0,7.0,7.0,7.0,0.0,0.0,0.0,0.0,1.0,0.14285714285714285,0.0,false,0,0,5.0,0
3,com.puppycrawl.tools.checkstyle.checks.coding.IllegalInstantiationCheck:processClassDef,1,3,0,1,0.6666666666666666,0,2,6,0,0.8466272354125977,0.2452557357939863,0,0,0,0,0,0,0,0,0,0,4,4,264.0,131.0,66.0,4.0,2.0,1.0,260.0,129.0,65.0,0.0,4.0,0.0,0.0,0.25,0.007575757575757576,0.014925373134328358,true,0,0,1.0,0
3,com.puppycrawl.tools.checkstyle.checks.naming.AbstractClassNameCheck:getDefaultTokens,30,0,0,0,0.5,0,2,4,0,0.9615762233734131,0.0,0,0,0,0,0,0,0,0,0,0,3,2,8.0,4.0,2.6666666666666665,0.0,0.0,0.0,8.0,4.0,2.6666666666666665,0.0,0.0,0.0,0.0,0.6666666666666666,0.25,0.0,true,0,0,1.0,0
3,com.puppycrawl.tools.checkstyle.checks.design.AllTests:suite,2,1,0,0,0.0,1,4,11,0,0.0,0.0,0,0,0,0,0,0,0,0,1,0,2,2,6.0,3.0,3.0,0.0,0.0,0.0,6.0,3.0,3.0,0.0,0.0,0.0,0.0,0.5,0.3333333333333333,0.0,false,0,0,1.0,0
3,com.puppycrawl.tools.checkstyle.doclets.CheckDocsDoclet:getPageName,1,5,0,1,0.4444444444444444,1,4,9,1,0.35864269733428955,0.6546536707079772,0,0,0,0,0,0,0,0,0,0,3,2,22.0,8.0,7.333333333333333,0.0,0.0,0.0,22.0,8.0,7.333333333333333,0.0,3.0,0.0,0.0,0.6666666666666666,0.09090909090909091,0.0,true,0,0,2.0,0
3,com.puppycrawl.tools.checkstyle.doclets.TokenTypesDoclet:getDestFileName,1,1,0,1,0.36363636363636365,2,4,11,2,0.5539923906326294,0.6324555320336759,0,0,0,0,0,0,0,0,0,0,2,2,22.0,11.0,11.0,0.0,0.0,0.0,22.0,11.0,11.0,0.0,2.0,0.0,0.0,0.5,0.09090909090909091,0.0,false,0.7217,1.2207,0,0
3,com.puppycrawl.tools.checkstyle.doclets.CheckDocsDoclet:optionLength,0,1,0,1,0.5714285714285714,1,3,7,1,0.8881567120552063,0.7342230982143524,0,0,0,0,0,0,0,0,0,0,2,2,14.0,7.0,7.0,0.0,0.0,0.0,14.0,7.0,7.0,0.0,2.0,0.0,0.0,0.5,0.14285714285714285,0.0,true,0,0,2.0,0
3,com.puppycrawl.tools.checkstyle.checks.header.AllTests:main,0,1,0,1,0.0,0,1,3,0,0.13779160380363464,0.0,0,0,0,0,0,0,0,0,1,0,1,1,3.0,3.0,3.0,0.0,0.0,0.0,3.0,3.0,3.0,0.0,0.0,0.0,0.0,1.0,0.3333333333333333,0.0,false,0,0,1.0,0
3,com.puppycrawl.tools.checkstyle.checks.header.AllTests:suite,2,1,0,0,0.0,1,3,5,0,0.004815582185983658,0.0,0,0,0,0,0,0,0,0,1,0,1,1,3.0,3.0,3.0,0.0,0.0,0.0,3.0,3.0,3.0,0.0,0.0,0.0,0.0,1.0,0.3333333333333333,0.0,false,0,0,1.0,0
3,com.puppycrawl.tools.checkstyle.checks.whitespace.OperatorWrapCheck:getDefaultTokens,30,0,0,0,0.5,0,2,4,0,0.0,0.0,0,0,0,0,0,0,0,0,0,0,1,1,0.0,0.0,0.0,0.0,0.0,0.0,0.0,0.0,0.0,0.0,0.0,0.0,0.0,1.0,0.0,0.0,true,0,0,1.0,0
3,com.puppycrawl.tools.checkstyle.checks.naming.AllTests:suite,2,1,0,0,0.0,1,3,14,0,0.0,0.0,0,0,0,0,0,0,0,0,1,0,2,2,6.0,3.0,3.0,0.0,0.0,0.0,6.0,3.0,3.0,0.0,0.0,0.0,0.0,0.5,0.3333333333333333,0.0,false,0,0,1.0,0
3,com.puppycrawl.tools.checkstyle.checks.javadoc.JavadocMethodCheck:getThrows,1,7,0,1,0.23529411764705882,3,6,17,3,0.03748464211821556,0.3361463227264072,0,0,0,0,0,0,0,0,1,0,5,2,235.0,87.0,47.0,66.0,62.0,13.2,169.0,25.0,33.8,0.0,0.0,0.0,0.0,0.6,0.00851063829787234,0.013289036544850499,true,0.2898,1.2906,0,0
3,com.puppycrawl.tools.checkstyle.checks.design.MutableExceptionCheckTest:test,0,3,0,0,0.0,0,3,5,0,0.010218651033937931,0.0,0,0,0,0,0,0,0,0,0,0,2,2,10.0,5.0,5.0,0.0,0.0,0.0,10.0,5.0,5.0,0.0,0.0,0.0,0.0,0.5,0.2,0.0,false,0,0,1.0,0
3,com.puppycrawl.tools.checkstyle.checks.duplicates.StrictDuplicateCodeCheckTest:createCheckerConfig,2,1,0,1,0.0,0,2,5,0,0.7383644580841064,0.0,0,0,0,0,0,0,0,0,0,0,1,1,5.0,5.0,5.0,0.0,0.0,0.0,5.0,5.0,5.0,0.0,0.0,0.0,0.0,1.0,0.2,0.0,false,0,0,1.0,0
3,com.puppycrawl.tools.checkstyle.checks.blocks.AllTests:main,0,1,0,1,0.0,0,1,3,0,0.13779160380363464,0.0,0,0,0,0,0,0,0,0,1,0,2,2,6.0,3.0,3.0,0.0,0.0,0.0,6.0,3.0,3.0,0.0,0.0,0.0,0.0,0.5,0.3333333333333333,0.0,false,0,0,1.0,0
3,com.puppycrawl.tools.checkstyle.checks.modifier.AllTests:suite,2,1,0,0,0.0,1,4,6,0,0.0017841360531747341,0.0,0,0,0,0,0,0,0,0,1,0,1,1,3.0,3.0,3.0,0.0,0.0,0.0,3.0,3.0,3.0,0.0,0.0,0.0,0.0,1.0,0.3333333333333333,0.0,false,0,0,1.0,0
3,com.puppycrawl.tools.checkstyle.checks.AllTests:main,0,1,0,1,0.0,0,1,3,0,0.13779160380363464,0.0,0,0,0,0,0,0,0,0,1,0,2,2,6.0,3.0,3.0,0.0,0.0,0.0,6.0,3.0,3.0,0.0,0.0,0.0,0.0,0.5,0.3333333333333333,0.0,false,0,0,1.0,0
3,com.puppycrawl.tools.checkstyle.checks.duplicates.StrictDuplicateCodeCheckTest:testSmallMin,0,5,0,0,0.0,0,3,9,0,0.01749628596007824,0.0,0,0,0,0,0,0,0,0,0,0,1,1,5.0,5.0,5.0,0.0,0.0,0.0,5.0,5.0,5.0,0.0,0.0,0.0,0.0,1.0,0.2,0.0,false,0,0,1.0,0
3,com.puppycrawl.tools.checkstyle.checks.javadoc.JavadocMethodCheck:getAcceptableTokens,0,0,0,0,0.5,0,2,4,0,0.230596661567688,0.0,0,0,0,0,0,0,0,0,0,0,2,2,21.0,21.0,10.5,13.0,13.0,6.5,8.0,8.0,4.0,0.0,1.0,0.0,0.0,0.5,0.047619047619047616,0.058823529411764705,true,0,0,1.0,0
3,com.puppycrawl.tools.checkstyle.checks.naming.AbstractClassNameCheck:isMatchingClassName,2,3,0,1,0.75,0,4,4,0,0.9332380294799805,0.6445033866354896,0,0,0,0,0,0,0,0,0,0,3,2,9.0,4.0,3.0,0.0,0.0,0.0,9.0,4.0,3.0,0.0,0.0,0.0,0.0,0.6666666666666666,0.2222222222222222,0.0,false,0,0,1.0,0
3,com.puppycrawl.tools.checkstyle.checks.imports.AllTests:suite,2,1,0,0,0.0,1,3,9,0,1.3223297719378024E-4,0.0,0,0,0,0,0,0,0,0,1,0,2,2,6.0,3.0,3.0,0.0,0.0,0.0,6.0,3.0,3.0,0.0,0.0,0.0,0.0,0.5,0.3333333333333333,0.0,false,0,0,1.0,0
3,com.puppycrawl.tools.checkstyle.checks.sizes.AllTests:suite,2,1,0,0,0.0,1,3,10,0,0.0,0.0,0,0,0,0,0,0,0,0,1,0,2,2,6.0,3.0,3.0,0.0,0.0,0.0,6.0,3.0,3.0,0.0,0.0,0.0,0.0,0.5,0.3333333333333333,0.0,false,0,0,1.0,0
3,com.puppycrawl.tools.checkstyle.checks.indentation.IndentationCheckTest:testValidTryWithChecker,0,4,0,0,0.0,0,3,7,0,0.29095879197120667,0.0,0,0,0,0,0,0,0,0,0,0,2,2,12.0,6.0,6.0,0.0,0.0,0.0,12.0,6.0,6.0,0.0,0.0,0.0,0.0,0.5,0.16666666666666666,0.0,false,0,0,1.0,0
3,com.puppycrawl.tools.checkstyle.checks.indentation.IndentationCheckTest:testCaseLevel,0,5,0,0,0.0,1,4,6,0,0.007037388160824776,0.0,0,0,0,0,0,0,0,0,0,0,2,2,12.0,6.0,6.0,0.0,0.0,0.0,12.0,6.0,6.0,0.0,0.0,0.0,0.0,0.5,0.16666666666666666,0.0,false,0,0,1.0,0
3,com.puppycrawl.tools.checkstyle.checks.coding.IllegalInstantiationCheck:processPackageDef,1,4,0,1,0.5,0,2,6,0,0.8584886789321899,0.2211629342323457,0,0,0,0,0,0,0,0,0,0,2,2,0.0,0.0,0.0,0.0,0.0,0.0,0.0,0.0,0.0,0.0,0.0,0.0,0.0,0.5,0.0,0.0,false,0,0,1.0,0
3,com.puppycrawl.tools.checkstyle.checks.coding.RedundantThrowsCheck:checkException,1,16,0,2,0.3225806451612903,8,5,31,8,0.0,0.3197473291631332,0,0,0,0,0,0,0,0,1,0,13,4,217.0,35.0,16.692307692307693,94.0,28.0,7.230769230769231,123.0,7.0,9.461538461538463,0.0,22.0,-4.0,-4.0,0.38461538461538464,0.013824884792626729,0.03858520900321544,true,0.4596,1.3646,0,0
3,com.puppycrawl.tools.checkstyle.checks.indentation.IndentationCheckTest:testInvalidLabel,0,3,0,0,0.0,0,3,5,0,0.0,0.0,0,0,0,0,0,0,0,0,0,0,2,2,12.0,6.0,6.0,0.0,0.0,0.0,12.0,6.0,6.0,0.0,0.0,0.0,0.0,0.5,0.16666666666666666,0.0,false,0,0,1.0,0
3,com.puppycrawl.tools.checkstyle.checks.duplicates.StrictDuplicateCodeCheckTest:testDefaultSettings,0,4,0,0,0.0,0,3,7,0,0.020365029573440552,0.0,0,0,0,0,0,0,0,0,0,0,1,1,5.0,5.0,5.0,0.0,0.0,0.0,5.0,5.0,5.0,0.0,0.0,0.0,0.0,1.0,0.2,0.0,false,0,0,1.0,0
3,com.puppycrawl.tools.checkstyle.checks.coding.IllegalInstantiationCheck:getAcceptableTokens,0,0,0,0,1.0,0,2,4,0,0.48745307326316833,0.14744195615489714,0,0,0,0,0,0,0,0,0,0,1,1,0.0,0.0,0.0,0.0,0.0,0.0,0.0,0.0,0.0,0.0,0.0,0.0,0.0,1.0,0.0,0.0,true,0,0,1.0,0
3,com.puppycrawl.tools.checkstyle.checks.indentation.IndentationCheckTest:testInvalidClassDefWithChecker,0,4,0,0,0.0,0,3,7,0,0.0,0.0,0,0,0,0,0,0,0,0,0,0,7,2,22.0,6.0,3.142857142857143,0.0,0.0,0.0,22.0,6.0,3.142857142857143,0.0,0.0,0.0,0.0,0.7142857142857143,0.13636363636363635,0.0,true,0,0,1.0,0
3,com.puppycrawl.tools.checkstyle.checks.j2ee.AllTests:suite,2,1,0,0,0.0,1,3,14,0,0.0,0.0,0,0,0,0,0,0,0,0,1,0,2,2,6.0,3.0,3.0,0.0,0.0,0.0,6.0,3.0,3.0,0.0,0.0,0.0,0.0,0.5,0.3333333333333333,0.0,false,0,0,1.0,0
3,com.puppycrawl.tools.checkstyle.checks.naming.AllTests:main,0,1,0,1,0.0,0,1,3,0,0.13779160380363464,0.0,0,0,0,0,0,0,0,0,1,0,2,2,6.0,3.0,3.0,0.0,0.0,0.0,6.0,3.0,3.0,0.0,0.0,0.0,0.0,0.5,0.3333333333333333,0.0,false,0,0,1.0,0
3,com.puppycrawl.tools.checkstyle.checks.duplicates.AllTests:main,0,1,0,1,0.0,0,1,3,0,0.13779160380363464,0.0,0,0,0,0,0,0,0,0,1,0,1,1,3.0,3.0,3.0,0.0,0.0,0.0,3.0,3.0,3.0,0.0,0.0,0.0,0.0,1.0,0.3333333333333333,0.0,false,0,0,1.0,0
3,com.puppycrawl.tools.checkstyle.api.AllTests:suite,2,1,0,0,0.0,1,3,7,0,0.0015847129980102181,0.0,0,0,0,0,0,0,0,0,1,0,4,2,8.0,3.0,2.0,0.0,0.0,0.0,8.0,3.0,2.0,0.0,0.0,0.0,0.0,0.5,0.25,0.0,false,0,0,1.0,0
3,com.puppycrawl.tools.checkstyle.checks.javadoc.JavadocMethodCheck:shouldCheck,4,5,0,1,0.5,0,3,8,0,0.3104569911956787,0.07219228756844336,0,0,0,0,0,0,0,0,1,0,3,3,37.0,21.0,12.333333333333334,13.0,13.0,4.333333333333333,24.0,8.0,8.0,0.0,1.0,0.0,0.0,0.3333333333333333,0.05405405405405406,0.08,false,0,0,12.0,0
3,com.puppycrawl.tools.checkstyle.checks.metrics.AllTests:suite,2,1,0,0,0.0,1,3,10,0,0.0,0.0,0,0,0,0,0,0,0,0,1,0,4,2,8.0,3.0,2.0,0.0,0.0,0.0,8.0,3.0,2.0,0.0,0.0,0.0,0.0,0.5,0.25,0.0,false,0,0,1.0,0
3,com.puppycrawl.tools.checkstyle.gui.JTreeTable:setRowHeight,2,2,0,1,0.2857142857142857,1,3,7,1,0.6455124020576477,0.7008255578851516,0,0,0,0,0,0,0,0,0,0,1,1,3.0,3.0,3.0,0.0,0.0,0.0,3.0,3.0,3.0,0.0,0.0,0.0,0.0,1.0,0.3333333333333333,0.0,true,0,0,3.0,0
3,com.puppycrawl.tools.checkstyle.checks.javadoc.AllTests:suite,2,1,0,0,0.0,1,3,9,0,1.1783016088884324E-4,0.0,0,0,0,0,0,0,0,0,1,0,2,2,6.0,3.0,3.0,0.0,0.0,0.0,6.0,3.0,3.0,0.0,0.0,0.0,0.0,0.5,0.3333333333333333,0.0,false,0,0,1.0,0
3,com.puppycrawl.tools.checkstyle.checks.indentation.IndentationCheckTest:testInvalidAssignWithChecker,0,3,0,0,0.0,0,3,5,0,0.0,0.0,0,0,0,0,0,0,0,0,0,0,2,2,10.0,5.0,5.0,0.0,0.0,0.0,10.0,5.0,5.0,0.0,0.0,0.0,0.0,0.5,0.2,0.0,true,0,0,1.0,0
3,com.puppycrawl.tools.checkstyle.doclets.TokenTypesDoclet:start,7,15,0,1,0.25,5,6,24,4,5.437813233584166E-4,0.24356115022372737,0,0,0,0,0,0,0,0,1,0,2,2,22.0,11.0,11.0,0.0,0.0,0.0,22.0,11.0,11.0,0.0,2.0,0.0,0.0,0.5,0.09090909090909091,0.0,false,0.1238,1.4036,0,0
3,com.puppycrawl.tools.checkstyle.checks.coding.IllegalInstantiationCheck:getRequiredTokens,2,0,0,0,0.5,0,2,4,0,0.1911330372095108,0.0,0,0,0,0,0,0,0,0,0,0,1,1,0.0,0.0,0.0,0.0,0.0,0.0,0.0,0.0,0.0,0.0,0.0,0.0,0.0,1.0,0.0,0.0,true,0,0,1.0,0
3,com.puppycrawl.tools.checkstyle.checks.whitespace.AllTests:main,0,1,0,1,0.0,0,1,3,0,0.13779160380363464,0.0,0,0,0,0,0,0,0,0,1,0,2,2,6.0,3.0,3.0,0.0,0.0,0.0,6.0,3.0,3.0,0.0,0.0,0.0,0.0,0.5,0.3333333333333333,0.0,false,0,0,1.0,0
3,com.puppycrawl.tools.checkstyle.checks.coding.IllegalTypeCheckTest:testDefaults,0,3,0,0,0.0,0,4,5,0,0.0,0.0,0,0,0,0,0,0,0,0,0,0,1,1,0.0,0.0,0.0,0.0,0.0,0.0,0.0,0.0,0.0,0.0,0.0,0.0,0.0,1.0,0.0,0.0,false,0,0,1.0,0
3,com.puppycrawl.tools.checkstyle.checks.coding.RedundantThrowsCheck:processAST,1,6,0,1,0.2,3,5,15,3,0.05963665246963501,0.18646746349572285,0,0,0,0,0,0,0,0,1,0,1,1,15.0,15.0,15.0,0.0,0.0,0.0,15.0,15.0,15.0,0.0,2.0,0.0,0.0,1.0,0.06666666666666667,0.0,false,0.2898,1.2906,0,0
3,com.puppycrawl.tools.checkstyle.checks.javadoc.JavadocMethodCheck:setAllowThrowsTagsForSubclasses,0,0,0,1,1.0,0,1,4,0,0.9126954078674316,0.26906911759852503,0,0,0,0,0,0,0,0,0,0,2,2,148.0,74.0,74.0,4.0,2.0,2.0,144.0,72.0,72.0,0.0,0.0,0.0,0.0,0.5,0.013513513513513514,0.02631578947368421,false,0,0,1.0,0
3,com.puppycrawl.tools.checkstyle.checks.javadoc.JavadocMethodCheck:getMethodTags,1,9,0,1,0.06666666666666667,17,8,75,17,0.0,0.2750938050481729,0,0,0,0,0,0,0,0,0,0,6,4,110.0,87.0,18.333333333333332,64.0,62.0,10.666666666666666,46.0,25.0,7.666666666666666,0.0,0.0,0.0,0.0,0.5,0.01818181818181818,0.028735632183908046,true,0.0505,1.4592,0,0
3,com.puppycrawl.tools.checkstyle.checks.naming.AbstractClassNameCheck:visitToken,1,3,0,1,0.2,1,4,10,0,0.5740354061126709,0.0,0,0,0,0,0,0,0,0,0,0,3,2,8.0,4.0,2.6666666666666665,0.0,0.0,0.0,8.0,4.0,2.6666666666666665,0.0,0.0,0.0,0.0,0.6666666666666666,0.25,0.0,true,0,0,2.0,0
3,com.puppycrawl.tools.checkstyle.checks.javadoc.JavadocMethodCheck:setExcludeScope,0,1,0,1,0.75,0,1,4,0,0.9740472435951233,0.6740186015747766,0,0,0,0,0,0,0,0,0,0,2,2,16.0,8.0,8.0,0.0,0.0,0.0,16.0,8.0,8.0,0.0,0.0,0.0,0.0,0.5,0.125,0.0,false,0,0,1.0,0
3,com.puppycrawl.tools.checkstyle.checks.sizes.AllTests:main,0,1,0,1,0.0,0,1,3,0,0.13779160380363464,0.0,0,0,0,0,0,0,0,0,1,0,2,2,6.0,3.0,3.0,0.0,0.0,0.0,6.0,3.0,3.0,0.0,0.0,0.0,0.0,0.5,0.3333333333333333,0.0,false,0,0,1.0,0
3,com.puppycrawl.tools.checkstyle.checks.indentation.IndentationCheckTest:testValidArrayInitWithChecker,0,4,0,0,0.0,0,3,7,0,0.3322890102863312,0.0,0,0,0,0,0,0,0,0,0,0,2,2,12.0,6.0,6.0,0.0,0.0,0.0,12.0,6.0,6.0,0.0,0.0,0.0,0.0,0.5,0.16666666666666666,0.0,false,0,0,1.0,0
3,com.puppycrawl.tools.checkstyle.checks.indentation.IndentationCheckTest:testInvalidForWithChecker,0,4,0,0,0.0,19,4,7,0,0.0,0.0,0,0,0,0,0,0,0,0,0,0,2,2,12.0,6.0,6.0,0.0,0.0,0.0,12.0,6.0,6.0,0.0,0.0,0.0,0.0,0.5,0.16666666666666666,0.0,false,0,0,1.0,0
3,com.puppycrawl.tools.checkstyle.checks.blocks.RightCurlyCheck:visitToken,1,9,0,1,0.06666666666666667,7,5,30,7,0.0,0.0,0,0,0,0,0,0,0,0,0,0,5,5,26.0,12.0,5.2,0.0,0.0,0.0,26.0,12.0,5.2,0.0,2.0,0.0,0.0,0.2,0.07692307692307693,0.0,true,0,0,40.0,0
3,com.puppycrawl.tools.checkstyle.doclets.CheckDocsDoclet:writeXdocsHeader,1,2,0,2,0.36363636363636365,0,2,11,0,1.5304128464777023E-4,0.5094666956663351,0,0,0,0,0,0,0,0,0,0,1,1,49.0,49.0,49.0,0.0,0.0,0.0,49.0,49.0,49.0,0.0,0.0,0.0,0.0,1.0,0.02040816326530612,0.0,true,0,0,1.0,0
3,com.puppycrawl.tools.checkstyle.doclets.CheckDocsDoclet:removeOpeningParagraphTag,1,4,0,1,0.375,1,3,8,1,0.08476942032575607,0.5284981975632331,0,0,0,0,0,0,0,0,0,0,1,1,8.0,8.0,8.0,0.0,0.0,0.0,8.0,8.0,8.0,0.0,1.0,0.0,0.0,1.0,0.125,0.0,false,0,0,3.0,0
3,com.puppycrawl.tools.checkstyle.checks.metrics.ClassFanOutComplexityCheckTest:test15,0,4,0,0,0.0,0,3,6,0,0.06582029163837433,0.0,0,0,0,0,0,0,0,0,0,0,1,1,6.0,6.0,6.0,0.0,0.0,0.0,6.0,6.0,6.0,0.0,0.0,0.0,0.0,1.0,0.16666666666666666,0.0,true,0,0,1.0,0
3,com.puppycrawl.tools.checkstyle.doclets.TokenTypesDoclet:validOptions,0,2,0,2,0.2631578947368421,4,4,19,4,0.06463555246591568,0.3223719093409528,0,0,0,0,0,0,0,0,0,0,4,4,24.0,11.0,6.0,12.0,6.0,3.0,12.0,5.0,3.0,0.0,2.0,2.0,2.0,0.25,0.08333333333333333,0.1111111111111111,false,1.7761,1.1939,0,0
3,com.puppycrawl.tools.checkstyle.checks.coding.IllegalInstantiationCheck:visitToken,1,5,0,1,0.10526315789473684,4,4,19,0,0.05375288426876068,0.0,0,0,0,0,0,0,0,0,0,0,3,3,262.0,131.0,87.33333333333333,4.0,2.0,1.3333333333333333,258.0,129.0,86.0,0.0,4.0,0.0,0.0,0.3333333333333333,0.007633587786259542,0.015037593984962405,true,0,0,5.0,0
3,com.puppycrawl.tools.checkstyle.checks.indentation.IndentationCheckTest:testInvalidBlockWithChecker,0,4,0,0,0.0,0,3,7,0,0.0,0.0,0,0,0,0,0,0,0,0,0,0,2,2,12.0,6.0,6.0,0.0,0.0,0.0,12.0,6.0,6.0,0.0,0.0,0.0,0.0,0.5,0.16666666666666666,0.0,false,0,0,1.0,0
3,com.puppycrawl.tools.checkstyle.doclets.CheckDocsDoclet:start,7,16,0,1,0.17857142857142858,3,6,28,3,0.0,0.03280399256759237,0,0,0,0,0,0,0,0,0,0,6,3,81.0,49.0,13.5,67.0,64.0,11.166666666666666,14.0,-15.0,2.333333333333334,0.0,5.0,0.0,0.0,0.6666666666666666,0.024691358024691357,0.04054054054054054,true,0.2261,1.3745,0,0
3,com.puppycrawl.tools.checkstyle.checks.design.ThrowsCountCheckTest:testDefault,0,3,0,0,0.0,0,3,5,0,0.0,0.0,0,0,0,0,0,0,0,0,0,0,2,2,12.0,6.0,6.0,0.0,0.0,0.0,12.0,6.0,6.0,0.0,0.0,0.0,0.0,0.5,0.16666666666666666,0.0,true,0,0,1.0,0
3,com.puppycrawl.tools.checkstyle.checks.indentation.IndentationCheckTest:testValidLabel,0,3,0,0,0.0,0,3,5,0,0.36249300837516785,0.0,0,0,0,0,0,0,0,0,0,0,2,2,12.0,6.0,6.0,0.0,0.0,0.0,12.0,6.0,6.0,0.0,0.0,0.0,0.0,0.5,0.16666666666666666,0.0,false,0,0,1.0,0
3,com.puppycrawl.tools.checkstyle.checks.indentation.IndentationCheckTest:testValidDotWithChecker,0,4,0,0,0.0,0,3,7,0,0.29095879197120667,0.0,0,0,0,0,0,0,0,0,0,0,2,2,12.0,6.0,6.0,0.0,0.0,0.0,12.0,6.0,6.0,0.0,0.0,0.0,0.0,0.5,0.16666666666666666,0.0,false,0,0,1.0,0
3,com.puppycrawl.tools.checkstyle.checks.indentation.IndentationCheckTest:testInvalidIfWithChecker,0,4,0,0,0.0,0,4,7,0,0.0,0.0,0,0,0,0,0,0,0,0,0,0,4,2,22.0,6.0,5.5,0.0,0.0,0.0,22.0,6.0,5.5,0.0,0.0,0.0,0.0,0.5,0.09090909090909091,0.0,true,0,0,1.0,0
3,com.puppycrawl.tools.checkstyle.AllTests:suite,2,2,0,0,0.0,1,3,16,0,0.0,0.0,0,0,0,0,0,0,0,0,1,0,108,8,158.0,10.0,1.462962962962963,16.0,8.0,0.14814814814814814,142.0,2.0,1.3148148148148149,0.0,0.0,0.0,0.0,0.19444444444444445,0.5822784810126582,1.1379310344827587,true,0,0,1.0,0
3,com.puppycrawl.tools.checkstyle.checks.coding.IllegalTypeCheckTest:testFormat,0,4,0,0,0.0,0,5,6,0,0.0,0.0,0,0,0,0,0,0,0,0,0,0,1,1,6.0,6.0,6.0,0.0,0.0,0.0,6.0,6.0,6.0,0.0,0.0,0.0,0.0,1.0,0.16666666666666666,0.0,false,0,0,1.0,0
3,com.puppycrawl.tools.checkstyle.api.DetailASTTest:checkDir,2,8,0,1,0.0,3,7,16,3,0.008551252074539661,0.0,0,0,0,0,0,0,0,0,1,0,1,1,6.0,6.0,6.0,0.0,0.0,0.0,6.0,6.0,6.0,0.0,0.0,0.0,0.0,1.0,0.16666666666666666,0.0,true,0.374,1.2906,0,0
3,com.puppycrawl.tools.checkstyle.checks.coding.AllTests:suite,2,1,0,0,0.0,1,4,42,0,0.0,0.0,0,0,0,0,0,0,0,0,1,0,18,4,22.0,3.0,1.2222222222222223,0.0,0.0,0.0,22.0,3.0,1.2222222222222223,0.0,0.0,0.0,0.0,0.3888888888888889,0.7272727272727273,0.0,false,0,0,1.0,0
3,com.puppycrawl.tools.checkstyle.checks.indentation.IndentationCheckTest:testIndentationLevel,0,5,0,0,0.0,0,3,6,0,0.00933446828275919,0.0,0,0,0,0,0,0,0,0,0,0,2,2,12.0,6.0,6.0,0.0,0.0,0.0,12.0,6.0,6.0,0.0,0.0,0.0,0.0,0.5,0.16666666666666666,0.0,false,0,0,1.0,0
3,com.puppycrawl.tools.checkstyle.checks.javadoc.JavadocMethodCheck:checkComment,2,16,0,2,0.15384615384615385,6,6,26,6,4.96777065563947E-4,0.24048144481686068,0,0,0,0,0,0,0,0,0,0,9,5,129.0,34.0,14.333333333333334,49.0,17.0,5.444444444444445,80.0,17.0,8.88888888888889,0.0,1.0,0.0,0.0,0.3333333333333333,0.023255813953488372,0.03932584269662921,true,8.2799,1.2207,0,0
3,com.puppycrawl.tools.checkstyle.checks.metrics.AllTests:main,0,1,0,1,0.0,0,1,3,0,0.13779160380363464,0.0,0,0,0,0,0,0,0,0,1,0,2,2,6.0,3.0,3.0,0.0,0.0,0.0,6.0,3.0,3.0,0.0,0.0,0.0,0.0,0.5,0.3333333333333333,0.0,false,0,0,1.0,0
3,com.puppycrawl.tools.checkstyle.grammars.AllTests:suite,2,1,0,0,0.0,1,4,9,0,1.8044759053736925E-4,0.0,0,0,0,0,0,0,0,0,1,0,6,3,14.0,5.0,2.3333333333333335,0.0,0.0,0.0,14.0,5.0,2.3333333333333335,0.0,0.0,0.0,0.0,0.6666666666666666,0.2857142857142857,0.0,true,0,0,1.0,0
3,com.puppycrawl.tools.checkstyle.checks.blocks.RightCurlyCheck:getDefaultTokens,30,0,0,0,0.5,0,2,4,0,0.20577417314052582,0.0,0,0,0,0,0,0,0,0,0,0,1,1,0.0,0.0,0.0,0.0,0.0,0.0,0.0,0.0,0.0,0.0,0.0,0.0,0.0,1.0,0.0,0.0,true,0,0,1.0,0
3,com.puppycrawl.tools.checkstyle.checks.javadoc.JavadocMethodCheck:setAllowMissingPropertyJavadoc,0,0,0,1,1.0,0,2,4,0,0.9284995198249817,0.3175536744149779,0,0,0,0,0,0,0,0,0,0,1,1,141.0,141.0,141.0,2.0,2.0,2.0,139.0,139.0,139.0,0.0,0.0,0.0,0.0,1.0,0.0070921985815602835,0.013986013986013986,true,0,0,1.0,0
3,com.puppycrawl.tools.checkstyle.doclets.CheckDocsDoclet:getCheckName,1,4,0,1,0.8333333333333334,0,3,6,0,0.2813190817832947,0.5977921396077994,0,0,0,0,0,0,0,0,1,0,1,1,49.0,49.0,49.0,0.0,0.0,0.0,49.0,49.0,49.0,0.0,0.0,0.0,0.0,1.0,0.02040816326530612,0.0,true,0,0,2.0,0
3,com.puppycrawl.tools.checkstyle.checks.javadoc.JavadocMethodCheck:isGetterMethod,1,7,0,1,0.14814814814814814,6,3,27,6,0.0016348263015970588,0.37237504171291425,0,0,0,0,0,0,0,0,1,0,3,1,143.0,141.0,47.666666666666664,2.0,2.0,0.6666666666666666,141.0,139.0,47.0,0.0,0.0,0.0,0.0,1.0,0.006993006993006993,0.020689655172413793,true,0,0,11.0,0
3,com.puppycrawl.tools.checkstyle.checks.metrics.ClassFanOutComplexityCheckTest:test,0,4,0,0,0.0,0,3,6,0,0.0,0.0,0,0,0,0,0,0,0,0,0,0,3,3,12.0,6.0,4.0,0.0,0.0,0.0,12.0,6.0,4.0,0.0,0.0,0.0,0.0,0.3333333333333333,0.16666666666666666,0.0,true,0,0,1.0,0
3,com.puppycrawl.tools.checkstyle.checks.indentation.IndentationCheckTest:testValidClassDefWithChecker,0,4,0,0,0.0,0,3,7,0,0.30041271448135376,0.0,0,0,0,0,0,0,0,0,0,0,2,2,12.0,6.0,6.0,0.0,0.0,0.0,12.0,6.0,6.0,0.0,0.0,0.0,0.0,0.5,0.16666666666666666,0.0,false,0,0,1.0,0
3,com.puppycrawl.tools.checkstyle.doclets.CheckDocsDoclet:getDestDir,1,1,0,1,0.4,2,4,10,2,0.6447202563285828,0.363696483726654,0,0,0,0,0,0,0,0,0,0,2,2,14.0,7.0,7.0,0.0,0.0,0.0,14.0,7.0,7.0,0.0,2.0,0.0,0.0,0.5,0.14285714285714285,0.0,true,0,0,0.6667,1
3,com.puppycrawl.tools.checkstyle.checks.design.DesignForExtensionCheck:getDefaultTokens,30,0,0,0,0.5,0,2,4,0,0.9592960476875305,0.0,0,0,0,0,0,0,0,0,0,0,4,2,78.0,38.0,19.5,2.0,1.0,0.5,76.0,37.0,19.0,0.0,14.0,0.0,0.0,0.5,0.02564102564102564,0.05,false,0,0,1.0,0
3,com.puppycrawl.tools.checkstyle.checks.indentation.IndentationCheckTest:testValidCommaWithChecker,0,4,0,0,0.0,0,3,7,0,0.30439865589141846,0.0,0,0,0,0,0,0,0,0,0,0,2,2,12.0,6.0,6.0,0.0,0.0,0.0,12.0,6.0,6.0,0.0,0.0,0.0,0.0,0.5,0.16666666666666666,0.0,false,0,0,1.0,0
3,com.puppycrawl.tools.checkstyle.api.DetailASTTest:checkTree,2,7,0,5,0.0,2,3,13,2,0.0,0.0,0,0,0,0,0,0,0,1,0,0,1,1,6.0,6.0,6.0,0.0,0.0,0.0,6.0,6.0,6.0,0.0,0.0,0.0,0.0,1.0,0.16666666666666666,0.0,true,0,0,4.0,0
3,com.puppycrawl.tools.checkstyle.checks.indentation.IndentationCheckTest:testValidWhileWithChecker,0,4,0,0,0.0,0,3,7,0,0.2805421054363251,0.0,0,0,0,0,0,0,0,0,0,0,2,2,12.0,6.0,6.0,0.0,0.0,0.0,12.0,6.0,6.0,0.0,0.0,0.0,0.0,0.5,0.16666666666666666,0.0,false,0,0,1.0,0
3,com.puppycrawl.tools.checkstyle.checks.coding.IllegalInstantiationCheck:getIllegalInstantiation,1,14,0,1,0.09615384615384616,10,7,52,10,0.0,0.5242733721214936,0,0,0,0,0,0,0,0,1,0,4,4,264.0,131.0,66.0,4.0,2.0,1.0,260.0,129.0,65.0,0.0,4.0,0.0,0.0,0.25,0.007575757575757576,0.014925373134328358,true,0.2207,1.5059,0,0
3,com.puppycrawl.tools.checkstyle.checks.coding.IllegalInstantiationCheck:postprocessLiteralNew,1,9,0,1,0.25,2,4,16,2,0.023672720417380333,0.2105587219030789,0,0,0,0,0,0,0,0,0,0,4,4,264.0,131.0,66.0,4.0,2.0,1.0,260.0,129.0,65.0,0.0,4.0,0.0,0.0,0.25,0.007575757575757576,0.014925373134328358,true,0,0,5.0,0
3,com.puppycrawl.tools.checkstyle.checks.imports.AllTests:main,0,1,0,1,0.0,0,1,3,0,0.13779160380363464,0.0,0,0,0,0,0,0,0,0,1,0,2,2,6.0,3.0,3.0,0.0,0.0,0.0,6.0,3.0,3.0,0.0,0.0,0.0,0.0,0.5,0.3333333333333333,0.0,false,0,0,1.0,0
3,com.puppycrawl.tools.checkstyle.checks.design.DesignForExtensionCheck:visitToken,1,13,0,1,0.04878048780487805,9,7,41,9,0.0,0.0,0,0,0,0,0,0,0,0,1,0,15,7,121.0,38.0,8.066666666666666,0.0,0.0,0.0,121.0,38.0,8.066666666666666,0.0,16.0,0.0,0.0,0.3333333333333333,0.049586776859504134,0.0,true,0.6394,1.2207,0,0
3,com.puppycrawl.tools.checkstyle.checks.duplicates.AllTests:suite,2,1,0,0,0.0,1,3,5,0,0.00788568239659071,0.0,0,0,0,0,0,0,0,0,1,0,1,1,3.0,3.0,3.0,0.0,0.0,0.0,3.0,3.0,3.0,0.0,0.0,0.0,0.0,1.0,0.3333333333333333,0.0,false,0,0,1.0,0
3,com.puppycrawl.tools.checkstyle.checks.blocks.EmptyBlockCheck:visitToken,1,8,0,1,0.125,5,3,16,5,0.0013988491846248507,0.0,0,0,0,0,0,0,0,0,1,0,1,1,0.0,0.0,0.0,0.0,0.0,0.0,0.0,0.0,0.0,0.0,0.0,0.0,0.0,1.0,0.0,0.0,true,0,0,6.0,0
3,com.puppycrawl.tools.checkstyle.checks.indentation.IndentationCheckTest:testValidDoWhileWithChecker,0,4,0,0,0.0,0,3,7,0,0.293700248003006,0.0,0,0,0,0,0,0,0,0,0,0,2,2,12.0,6.0,6.0,0.0,0.0,0.0,12.0,6.0,6.0,0.0,0.0,0.0,0.0,0.5,0.16666666666666666,0.0,false,0,0,1.0,0
3,com.puppycrawl.tools.checkstyle.api.DetailASTTest:checkFile,1,4,0,1,0.0,0,2,6,0,3.9477029349654913E-4,0.0,0,0,0,0,0,0,0,0,0,0,1,1,6.0,6.0,6.0,0.0,0.0,0.0,6.0,6.0,6.0,0.0,0.0,0.0,0.0,1.0,0.16666666666666666,0.0,true,0,0,1.0,0
3,com.puppycrawl.tools.checkstyle.checks.naming.AbstractClassNameCheck:visitClassDef,4,8,0,1,0.3333333333333333,2,3,9,2,0.011360237374901772,0.23866718525271902,0,0,0,0,0,0,0,0,1,0,2,2,8.0,4.0,4.0,0.0,0.0,0.0,8.0,4.0,4.0,0.0,0.0,0.0,0.0,0.5,0.25,0.0,false,0,0,3.0,0
3,com.puppycrawl.tools.checkstyle.checks.indentation.IndentationCheckTest:testValidAssignWithChecker,0,3,0,0,0.0,0,3,5,0,0.40824374556541443,0.0,0,0,0,0,0,0,0,0,0,0,2,2,10.0,5.0,5.0,0.0,0.0,0.0,10.0,5.0,5.0,0.0,0.0,0.0,0.0,0.5,0.2,0.0,true,0,0,1.0,0
3,com.puppycrawl.tools.checkstyle.checks.javadoc.JavadocMethodCheck:logLoadError,1,4,0,1,0.75,0,4,4,0,0.008049121126532555,0.4198911048651824,0,0,0,0,0,0,0,0,1,0,4,2,241.0,87.0,60.25,154.0,62.0,38.5,87.0,25.0,21.75,0.0,4.0,0.0,0.0,0.75,0.008298755186721992,0.010126582278481013,true,0,0,1.0,0
3,com.puppycrawl.tools.checkstyle.checks.indentation.AllTests:main,0,1,0,1,0.0,0,1,3,0,0.13779160380363464,0.0,0,0,0,0,0,0,0,0,1,0,2,2,6.0,3.0,3.0,0.0,0.0,0.0,6.0,3.0,3.0,0.0,0.0,0.0,0.0,0.5,0.3333333333333333,0.0,false,0,0,1.0,0
3,com.puppycrawl.tools.checkstyle.checks.coding.RedundantThrowsCheck:setAllowSubclasses,0,0,0,1,1.0,0,3,4,0,0.8957774043083191,0.6963106238227914,0,0,0,0,0,0,0,0,0,0,4,4,58.0,29.0,14.5,0.0,0.0,0.0,58.0,29.0,14.5,0.0,14.0,-4.0,-4.0,0.25,0.034482758620689655,0.0,false,0,0,1.0,0
3,com.puppycrawl.tools.checkstyle.checks.AllTests:suite,2,2,0,0,0.0,1,4,29,0,0.0,0.0,0,0,0,0,0,0,0,0,1,0,10,5,12.0,3.0,1.2,0.0,0.0,0.0,12.0,3.0,1.2,0.0,0.0,0.0,0.0,0.3,0.5,0.0,false,0,0,1.0,0
3,com.puppycrawl.tools.checkstyle.checks.javadoc.JavadocMethodCheck:checkThrowsTags,1,21,0,3,0.12244897959183673,11,7,49,11,0.0,0.3357329115642784,0,0,0,0,0,0,0,0,1,0,10,3,598.0,141.0,59.8,224.0,62.0,22.4,374.0,79.0,37.4,0.0,6.0,0.0,0.0,0.5,0.0033444816053511705,0.006082725060827251,true,0.126,1.4589,0,0
3,com.puppycrawl.tools.checkstyle.checks.naming.AbstractClassNameCheck:isAbstract,5,1,0,1,0.6,0,4,5,0,0.8949247002601624,0.273009453115974,0,0,0,0,0,0,0,0,1,0,2,2,8.0,4.0,4.0,0.0,0.0,0.0,8.0,4.0,4.0,0.0,0.0,0.0,0.0,0.5,0.25,0.0,false,0,0,2.0,0
3,com.puppycrawl.tools.checkstyle.checks.indentation.IndentationCheckTest:testInvalidMethodWithChecker,0,4,0,0,0.0,0,4,7,0,0.0,0.0,0,0,0,0,0,0,0,0,0,0,6,2,22.0,6.0,3.6666666666666665,0.0,0.0,0.0,22.0,6.0,3.6666666666666665,0.0,0.0,0.0,0.0,0.6666666666666666,0.09090909090909091,0.0,true,0,0,1.0,0
3,com.puppycrawl.tools.checkstyle.checks.coding.UnnecessaryParenthesesCheckTest:testDefault,0,3,0,0,0.0,0,4,5,0,0.0,0.0,0,0,0,0,0,0,0,0,0,0,3,3,10.0,5.0,3.3333333333333335,0.0,0.0,0.0,10.0,5.0,3.3333333333333335,0.0,0.0,0.0,0.0,0.3333333333333333,0.2,0.0,true,0,0,1.0,0
3,com.puppycrawl.tools.checkstyle.checks.javadoc.JavadocMethodCheck:isSetterMethod,1,7,0,1,0.14814814814814814,6,3,27,6,0.0023105088621377945,0.37237504171291425,0,0,0,0,0,0,0,0,1,0,2,1,143.0,141.0,71.5,2.0,2.0,1.0,141.0,139.0,70.5,0.0,0.0,0.0,0.0,1.0,0.006993006993006993,0.013793103448275862,true,0,0,11.0,0
3,com.puppycrawl.tools.checkstyle.checks.indentation.IndentationCheckTest:test15Extensions,0,3,0,0,0.0,0,3,5,0,0.3189133107662201,0.0,0,0,0,0,0,0,0,0,0,0,1,1,5.0,5.0,5.0,0.0,0.0,0.0,5.0,5.0,5.0,0.0,0.0,0.0,0.0,1.0,0.2,0.0,true,0,0,1.0,0
3,com.puppycrawl.tools.checkstyle.checks.coding.RedundantThrowsCheck:getDefaultTokens,30,0,0,0,0.5,0,2,4,0,0.0,0.0,0,0,0,0,0,0,0,0,0,0,6,3,58.0,29.0,9.666666666666666,0.0,0.0,0.0,58.0,29.0,9.666666666666666,0.0,14.0,-4.0,-4.0,0.5,0.06896551724137931,0.0,true,0,0,1.0,0
3,com.puppycrawl.tools.checkstyle.checks.javadoc.JavadocMethodCheck:processAST,1,7,0,1,0.2,3,4,15,3,0.11851014196872711,0.30662207033593325,0,0,0,0,0,0,0,0,0,0,12,5,205.0,141.0,17.083333333333332,5.0,2.0,0.4166666666666667,200.0,139.0,16.666666666666664,0.0,4.0,-1.0,-1.0,0.4166666666666667,0.00975609756097561,0.047619047619047616,true,0,0,4.0,0
3,com.puppycrawl.tools.checkstyle.checks.coding.RedundantThrowsCheck:logLoadError,1,4,0,1,0.75,0,4,4,0,0.012567137368023396,0.42640143271122083,0,0,0,0,0,0,0,0,1,0,4,2,31.0,15.0,7.75,38.0,19.0,9.5,-7.0,-4.0,-1.75,0.0,4.0,0.0,0.0,0.75,0.06451612903225806,0.057971014492753624,true,0,0,1.0,0
3,com.puppycrawl.tools.checkstyle.checks.whitespace.AllTests:suite,2,1,0,0,0.0,1,3,15,0,0.0,0.0,0,0,0,0,0,0,0,0,1,0,6,6,10.0,3.0,1.6666666666666667,0.0,0.0,0.0,10.0,3.0,1.6666666666666667,0.0,0.0,0.0,0.0,0.16666666666666666,0.4,0.0,true,0,0,1.0,0
3,com.puppycrawl.tools.checkstyle.checks.javadoc.JavadocMethodCheck:getDefaultTokens,30,0,0,0,0.5,0,2,4,0,0.0,0.0,0,0,0,0,0,0,0,0,0,0,5,3,21.0,21.0,4.2,13.0,13.0,2.6,8.0,8.0,1.6,0.0,1.0,0.0,0.0,0.4,0.19047619047619047,0.23529411764705882,true,0,0,1.0,0
3,com.puppycrawl.tools.checkstyle.checks.indentation.IndentationCheckTest:testTabs,0,5,0,0,0.0,0,3,7,0,0.001082281582057476,0.0,0,0,0,0,0,0,0,0,0,0,2,2,12.0,6.0,6.0,0.0,0.0,0.0,12.0,6.0,6.0,0.0,0.0,0.0,0.0,0.5,0.16666666666666666,0.0,false,0,0,1.0,0
3,com.puppycrawl.tools.checkstyle.checks.whitespace.OperatorWrapCheck:visitToken,1,13,0,1,0.1,4,6,20,4,9.307644213549793E-4,0.0,0,0,0,0,0,0,0,0,1,0,5,2,49.0,31.0,9.8,21.0,18.0,4.2,28.0,13.0,5.6000000000000005,0.0,8.0,0.0,0.0,0.6,0.04081632653061224,0.07142857142857142,true,0,0,22.0,0
3,com.puppycrawl.tools.checkstyle.checks.design.DesignForExtensionCheck:findContainingClass,1,2,0,1,0.5,1,5,8,1,0.22854280471801758,0.23386170701251202,0,0,0,0,0,0,0,0,1,0,2,2,76.0,38.0,38.0,0.0,0.0,0.0,76.0,38.0,38.0,0.0,14.0,0.0,0.0,0.5,0.02631578947368421,0.0,false,0,0,0.6667,1
3,com.puppycrawl.tools.checkstyle.doclets.CheckDocsDoclet:getDescription,1,5,0,1,0.4,1,3,10,1,0.39946502447128296,0.29259590945650243,0,0,0,0,0,0,0,0,0,0,1,1,8.0,8.0,8.0,0.0,0.0,0.0,8.0,8.0,8.0,0.0,1.0,0.0,0.0,1.0,0.125,0.0,false,0,0,2.0,0
3,com.puppycrawl.tools.checkstyle.checks.coding.IllegalTypeCheckTest:testIgnoreMethodNames,0,4,0,0,0.0,0,4,6,0,0.0,0.0,0,0,0,0,0,0,0,0,0,0,2,1,6.0,6.0,3.0,0.0,0.0,0.0,6.0,6.0,3.0,0.0,0.0,0.0,0.0,1.0,0.16666666666666666,0.0,true,0,0,1.0,0
3,com.puppycrawl.tools.checkstyle.checks.whitespace.OperatorWrapCheck:getAcceptableTokens,0,0,0,0,0.5,0,2,4,0,0.0,0.0,0,0,0,0,0,0,0,0,0,0,1,1,0.0,0.0,0.0,0.0,0.0,0.0,0.0,0.0,0.0,0.0,0.0,0.0,0.0,1.0,0.0,0.0,true,0,0,1.0,0
3,com.puppycrawl.tools.checkstyle.checks.coding.RedundantThrowsCheck:setAllowUnchecked,0,0,0,1,1.0,0,3,4,0,0.9309712052345276,0.7987230638308717,0,0,0,0,0,0,0,0,0,0,6,4,114.0,29.0,19.0,56.0,28.0,9.333333333333334,58.0,1.0,9.666666666666666,0.0,14.0,-4.0,-4.0,0.3333333333333333,0.017543859649122806,0.03529411764705882,true,0,0,1.0,0
3,com.puppycrawl.tools.checkstyle.checks.blocks.AllTests:suite,2,1,0,0,0.0,1,3,9,0,1.1049473687307909E-4,0.0,0,0,0,0,0,0,0,0,1,0,2,2,6.0,3.0,3.0,0.0,0.0,0.0,6.0,3.0,3.0,0.0,0.0,0.0,0.0,0.5,0.3333333333333333,0.0,false,0,0,1.0,0
3,com.puppycrawl.tools.checkstyle.checks.metrics.JavaNCSSCheckTest:test,0,4,0,0,0.0,9,4,8,0,0.0,0.0,0,0,0,0,0,0,0,0,1,0,2,2,16.0,8.0,8.0,0.0,0.0,0.0,16.0,8.0,8.0,0.0,0.0,0.0,0.0,0.5,0.125,0.0,false,0,0,1.0,0
3,com.puppycrawl.tools.checkstyle.checks.indentation.IndentationCheckTest:testInvalidSwitchWithChecker,0,4,0,0,0.0,6,4,7,0,0.0,0.0,0,0,0,0,0,0,0,0,0,0,2,2,12.0,6.0,6.0,0.0,0.0,0.0,12.0,6.0,6.0,0.0,0.0,0.0,0.0,0.5,0.16666666666666666,0.0,false,0,0,1.0,0
3,com.puppycrawl.tools.checkstyle.checks.coding.IllegalInstantiationCheck:finishTree,1,4,0,1,0.2857142857142857,1,2,7,1,0.6524948477745056,0.0,0,0,0,0,0,0,0,0,0,0,5,5,264.0,131.0,52.8,4.0,2.0,0.8,260.0,129.0,52.0,0.0,4.0,0.0,0.0,0.2,0.007575757575757576,0.018656716417910446,true,0,0,0.5,1
3,com.puppycrawl.tools.checkstyle.checks.modifier.AllTests:main,0,1,0,1,0.0,0,1,3,0,0.13779160380363464,0.0,0,0,0,0,0,0,0,0,1,0,1,1,3.0,3.0,3.0,0.0,0.0,0.0,3.0,3.0,3.0,0.0,0.0,0.0,0.0,1.0,0.3333333333333333,0.0,false,0,0,1.0,0
3,com.puppycrawl.tools.checkstyle.checks.blocks.EmptyBlockCheck:getDefaultTokens,30,0,0,0,0.5,0,2,4,0,0.0,0.0,0,0,0,0,0,0,0,0,0,0,3,3,0.0,0.0,0.0,0.0,0.0,0.0,0.0,0.0,0.0,0.0,0.0,0.0,0.0,0.3333333333333333,0.0,0.0,true,0,0,1.0,0
3,com.puppycrawl.tools.checkstyle.checks.metrics.NPathComplexityCheckTest:test,0,4,0,0,0.0,0,3,6,0,0.0,0.0,0,0,0,0,0,0,0,0,1,0,2,2,12.0,6.0,6.0,0.0,0.0,0.0,12.0,6.0,6.0,0.0,0.0,0.0,0.0,0.5,0.16666666666666666,0.0,false,0,0,1.0,0
3,com.puppycrawl.tools.checkstyle.checks.indentation.IndentationCheckTest:testValidBlockWithChecker,0,4,0,0,0.0,0,3,7,0,0.30439865589141846,0.0,0,0,0,0,0,0,0,0,0,0,2,2,12.0,6.0,6.0,0.0,0.0,0.0,12.0,6.0,6.0,0.0,0.0,0.0,0.0,0.5,0.16666666666666666,0.0,false,0,0,1.0,0
3,com.puppycrawl.tools.checkstyle.checks.coding.AllTests:main,0,1,0,1,0.0,0,1,3,0,0.13779160380363464,0.0,0,0,0,0,0,0,0,0,1,0,2,2,6.0,3.0,3.0,0.0,0.0,0.0,6.0,3.0,3.0,0.0,0.0,0.0,0.0,0.5,0.3333333333333333,0.0,false,0,0,1.0,0
3,com.puppycrawl.tools.checkstyle.checks.javadoc.JavadocMethodCheck:setAllowMissingJavadoc,0,0,0,1,1.0,0,1,4,0,0.9664547443389893,0.280056016805602,0,0,0,0,0,0,0,0,0,0,2,1,14.0,14.0,7.0,1.0,1.0,0.5,13.0,13.0,6.5,0.0,1.0,0.0,0.0,1.0,0.07142857142857142,0.13333333333333333,true,0,0,1.0,0
3,com.puppycrawl.tools.checkstyle.checks.indentation.IndentationCheckTest:testInvalidWhileWithChecker,0,4,0,0,0.0,25,4,7,0,0.0,0.0,0,0,0,0,0,0,0,0,0,0,3,2,12.0,6.0,4.0,0.0,0.0,0.0,12.0,6.0,4.0,0.0,0.0,0.0,0.0,0.6666666666666666,0.16666666666666666,0.0,true,0,0,1.0,0
3,com.puppycrawl.tools.checkstyle.checks.coding.IllegalInstantiationCheck:beginTree,1,1,0,1,0.25,0,1,8,0,0.6204588413238525,0.0,0,0,0,0,0,0,0,0,0,0,3,3,262.0,131.0,87.33333333333333,4.0,2.0,1.3333333333333333,258.0,129.0,86.0,0.0,4.0,0.0,0.0,0.3333333333333333,0.007633587786259542,0.015037593984962405,true,0,0,1.0,0
3,com.puppycrawl.tools.checkstyle.checks.naming.AbstractClassNameCheck:getRequiredTokens,2,1,0,0,0.5,0,2,4,0,0.8466543555259705,0.0,0,0,0,0,0,0,0,0,0,0,3,2,8.0,4.0,2.6666666666666665,0.0,0.0,0.0,8.0,4.0,2.6666666666666665,0.0,0.0,0.0,0.0,0.6666666666666666,0.25,0.0,true,0,0,1.0,0
3,com.puppycrawl.tools.checkstyle.checks.design.AllTests:main,0,1,0,1,0.0,0,1,3,0,0.13779160380363464,0.0,0,0,0,0,0,0,0,0,1,0,2,2,6.0,3.0,3.0,0.0,0.0,0.0,6.0,3.0,3.0,0.0,0.0,0.0,0.0,0.5,0.3333333333333333,0.0,false,0,0,1.0,0
3,com.puppycrawl.tools.checkstyle.OptionTest:testBlockOption,0,4,0,0,0.0,0,1,10,0,5.890445318073034E-4,0.0,0,0,0,0,0,0,0,0,0,0,2,2,4.0,2.0,2.0,0.0,0.0,0.0,4.0,2.0,2.0,0.0,0.0,0.0,0.0,0.5,0.5,0.0,false,0,0,4.0,0
3,com.puppycrawl.tools.checkstyle.checks.indentation.AllTests:suite,2,1,0,0,0.0,1,3,5,0,0.006618376821279526,0.0,0,0,0,0,0,0,0,0,1,0,2,2,6.0,3.0,3.0,0.0,0.0,0.0,6.0,3.0,3.0,0.0,0.0,0.0,0.0,0.5,0.3333333333333333,0.0,false,0,0,1.0,0
3,com.puppycrawl.tools.checkstyle.checks.coding.UnnecessaryParenthesesCheckTest:test15Extensions,0,3,0,0,0.0,0,3,5,0,0.3118473291397095,0.0,0,0,0,0,0,0,0,0,0,0,1,1,5.0,5.0,5.0,0.0,0.0,0.0,5.0,5.0,5.0,0.0,0.0,0.0,0.0,1.0,0.2,0.0,true,0,0,1.0,0
3,com.puppycrawl.tools.checkstyle.checks.coding.IllegalInstantiationCheck:getDefaultTokens,30,0,0,0,0.5,0,2,4,0,0.017252927646040916,0.0,0,0,0,0,0,0,0,0,0,0,3,3,262.0,131.0,87.33333333333333,4.0,2.0,1.3333333333333333,258.0,129.0,86.0,0.0,4.0,0.0,0.0,0.3333333333333333,0.007633587786259542,0.015037593984962405,true,0,0,1.0,0
3,com.puppycrawl.tools.checkstyle.api.DetailASTTest:testTreeStructure,0,2,0,0,0.0,0,2,3,0,0.6331906318664551,0.0,0,0,0,0,0,0,0,0,0,0,1,1,6.0,6.0,6.0,0.0,0.0,0.0,6.0,6.0,6.0,0.0,0.0,0.0,0.0,1.0,0.16666666666666666,0.0,true,0,0,1.0,0
3,com.puppycrawl.tools.checkstyle.checks.indentation.IndentationCheckTest:testValidInterfaceDefWithChecker,0,4,0,0,0.0,0,3,7,0,0.27940452098846436,0.0,0,0,0,0,0,0,0,0,0,0,2,2,12.0,6.0,6.0,0.0,0.0,0.0,12.0,6.0,6.0,0.0,0.0,0.0,0.0,0.5,0.16666666666666666,0.0,false,0,0,1.0,0
3,com.puppycrawl.tools.checkstyle.checks.coding.IllegalInstantiationCheck:processLiteralNew,1,1,0,1,0.75,0,1,4,0,0.9624775648117065,0.3144854510165755,0,0,0,0,0,0,0,0,0,0,1,1,131.0,131.0,131.0,2.0,2.0,2.0,129.0,129.0,129.0,0.0,2.0,0.0,0.0,1.0,0.007633587786259542,0.015037593984962405,true,0,0,1.0,0
3,com.puppycrawl.tools.checkstyle.checks.indentation.IndentationCheckTest:testValidIfWithChecker,0,4,0,0,0.0,0,3,7,0,0.2843717038631439,0.0,0,0,0,0,0,0,0,0,0,0,2,2,12.0,6.0,6.0,0.0,0.0,0.0,12.0,6.0,6.0,0.0,0.0,0.0,0.0,0.5,0.16666666666666666,0.0,false,0,0,1.0,0
3,com.puppycrawl.tools.checkstyle.checks.javadoc.JavadocMethodCheck:checkReturnTag,1,8,0,3,0.3888888888888889,4,6,18,4,0.035004403442144394,0.613834422973001,0,0,0,0,0,0,0,0,1,0,4,3,296.0,141.0,74.0,98.0,62.0,24.5,198.0,79.0,49.5,0.0,0.0,0.0,0.0,0.5,0.006756756756756757,0.01015228426395939,true,0.9031,1.2786,0,0
3,com.puppycrawl.tools.checkstyle.checks.indentation.IndentationCheckTest:testInvalidArrayInitWithChecker,0,4,0,0,0.0,0,3,7,0,0.0,0.0,0,0,0,0,0,0,0,0,0,0,3,2,12.0,6.0,4.0,0.0,0.0,0.0,12.0,6.0,4.0,0.0,0.0,0.0,0.0,0.6666666666666666,0.16666666666666666,0.0,true,0,0,1.0,0
3,com.puppycrawl.tools.checkstyle.checks.javadoc.AllTests:main,0,1,0,1,0.0,0,1,3,0,0.13779160380363464,0.0,0,0,0,0,0,0,0,0,1,0,2,2,6.0,3.0,3.0,0.0,0.0,0.0,6.0,3.0,3.0,0.0,0.0,0.0,0.0,0.5,0.3333333333333333,0.0,false,0,0,1.0,0
3,com.puppycrawl.tools.checkstyle.doclets.CheckDocsDoclet:writeXdocsFooter,1,2,0,1,0.5,0,1,6,0,0.30226773023605347,0.5728918992315464,0,0,0,0,0,0,0,0,0,0,1,1,49.0,49.0,49.0,0.0,0.0,0.0,49.0,49.0,49.0,0.0,0.0,0.0,0.0,1.0,0.02040816326530612,0.0,true,0,0,1.0,0
3,com.puppycrawl.tools.checkstyle.checks.design.ThrowsCountCheckTest:testMax,0,4,0,0,0.0,0,3,6,0,0.013070187531411648,0.0,0,0,0,0,0,0,0,0,0,0,2,2,12.0,6.0,6.0,0.0,0.0,0.0,12.0,6.0,6.0,0.0,0.0,0.0,0.0,0.5,0.16666666666666666,0.0,true,0,0,1.0,0
3,com.puppycrawl.tools.checkstyle.checks.indentation.IndentationCheckTest:testBraceAdjustment,0,5,0,0,0.0,0,3,6,0,0.008424729108810425,0.0,0,0,0,0,0,0,0,0,0,0,2,2,12.0,6.0,6.0,0.0,0.0,0.0,12.0,6.0,6.0,0.0,0.0,0.0,0.0,0.5,0.16666666666666666,0.0,false,0,0,1.0,0
3,com.puppycrawl.tools.checkstyle.checks.indentation.IndentationCheckTest:testValidSwitchWithChecker,0,4,0,0,0.0,0,3,7,0,0.3112480044364929,0.0,0,0,0,0,0,0,0,0,0,0,2,2,12.0,6.0,6.0,0.0,0.0,0.0,12.0,6.0,6.0,0.0,0.0,0.0,0.0,0.5,0.16666666666666666,0.0,false,0,0,1.0,0
3,com.puppycrawl.tools.checkstyle.checks.javadoc.JavadocMethodCheck:checkParamTags,1,19,0,3,0.12244897959183673,11,6,49,11,0.0,0.2630970842472756,0,0,0,0,0,0,0,0,1,0,7,4,332.0,141.0,47.42857142857143,98.0,62.0,14.0,234.0,79.0,33.42857142857143,0.0,0.0,0.0,0.0,0.42857142857142855,0.009036144578313253,0.013953488372093023,true,0.1332,1.4486,0,0
3,com.puppycrawl.tools.checkstyle.api.AllTests:main,0,1,0,1,0.0,0,1,3,0,0.13779160380363464,0.0,0,0,0,0,0,0,0,0,1,0,2,2,6.0,3.0,3.0,0.0,0.0,0.0,6.0,3.0,3.0,0.0,0.0,0.0,0.0,0.5,0.3333333333333333,0.0,false,0,0,1.0,0
3,com.puppycrawl.tools.checkstyle.doclets.TokenTypesDoclet:optionLength,0,1,0,1,0.5714285714285714,1,3,7,1,0.8854547739028931,0.7342230982143524,0,0,0,0,0,0,0,0,0,0,4,4,22.0,11.0,5.5,0.0,0.0,0.0,22.0,11.0,5.5,0.0,2.0,0.0,0.0,0.25,0.09090909090909091,0.0,true,0,0,2.0,0
