,graph_name,apc,cyclo,npath
0,com.puppycrawl.tools.checkstyle.checks.LeftCurlyCheck:verifyBrace,"(50.0000000000000, 50.0000000000000)",15.0,50.0
1,com.puppycrawl.tools.checkstyle.checks.WhitespaceAroundCheck:visitToken,"(479.000000000000, 479.000000000000)",18.0,479.0
2,com.puppycrawl.tools.checkstyle.checks.InnerAssignmentCheck:visitToken,"(216.000000000000, 216.000000000000)",11.0,216.0
3,com.puppycrawl.tools.checkstyle.PropertyCacheFile:PropertyCacheFile,"(31.0000000000000, 31.0000000000000)",16.0,31.0
4,com.puppycrawl.tools.checkstyle.checks.ParenPadCheck:processRight,"(71.0000000000000, 71.0000000000000)",13.0,71.0
5,com.puppycrawl.tools.checkstyle.checks.VisibilityModifierCheck:visitToken,"(68.0000000000000, 68.0000000000000)",14.0,68.0
6,com.puppycrawl.tools.checkstyle.checks.WhitespaceAfterCheck:visitToken,"(30.0000000000000, 30.0000000000000)",11.0,30.0
7,com.puppycrawl.tools.checkstyle.XMLLogger:isReference,"(n, '0.3849*1.0**n + 0.6667*n + 2.3333')",9.0,9.0
8,com.puppycrawl.tools.checkstyle.api.AutomaticBean:configure,"(n**2, '0.0887*n**2 + 0.9436*n + 15.067')",10.0,11.0
9,com.puppycrawl.tools.checkstyle.Main:main,"(n**2, '58.5*n**2 + 2130.0*n + 19673.0')",17.0,2809.0
10,com.puppycrawl.tools.checkstyle.checks.ConstantNameCheck:mustCheckName,"(99.0000000000000, 99.0000000000000)",10.0,99.0
11,com.puppycrawl.tools.checkstyle.checks.RightCurlyCheck:visitToken,"(36.0000000000000, 36.0000000000000)",10.0,36.0
12,com.puppycrawl.tools.checkstyle.checks.EmptyBlockCheck:hasText,"(n, '0.3849*1.0**n + 0.6667*n + 0.3333')",8.0,8.0
13,com.puppycrawl.tools.checkstyle.checks.LeftCurlyCheck:visitToken,"(21.0000000000000, 21.0000000000000)",9.0,21.0
14,com.puppycrawl.tools.checkstyle.ConfigurationLoader:parsePropertyString,"('1.4307**n', '0.0281*1.002**n + 0.1623*1.1491**n + 0.0804*1.2577**n + 0.2256*1.4307**n + 0.5712')",8.0,20.0
15,com.puppycrawl.tools.checkstyle.checks.ClassResolver:resolve,"('1.2207**n', '0.1947*0.7245**n*n + 2.6134*0.7245**n + 0.0333*1.0633**n*n + 0.8665*1.0633**n + 0.2346*1.2207**n*n + 1.1264*1.2207**n + 1.0002')",11.0,35.0
16,com.puppycrawl.tools.checkstyle.checks.StaticVariableNameCheck:mustCheckName,"(36.0000000000000, 36.0000000000000)",8.0,36.0
17,com.puppycrawl.tools.checkstyle.checks.NoWhitespaceAfterCheck:visitToken,"('1.1673**n', '1.0539*1.099**n + 5.8073*1.1673**n + 15.0')",8.0,33.0
18,com.puppycrawl.tools.checkstyle.PropertyCacheFile:destroy,"(10.0000000000000, 10.0000000000000)",10.0,10.0
19,com.puppycrawl.tools.checkstyle.XMLLogger:encode,"('1.5916**n', '0.3189*0.6396**n + 0.1128*1.4257**n + 0.0274*1.5111**n + 0.0965*1.5916**n + 0.1424')",9.0,9.0
20,com.puppycrawl.tools.checkstyle.checks.JavadocMethodCheck:checkParamTags,"('1.379**n', '0.2119*0.824**n + 0.1163*0.8408**n + 0.2581*0.9934**n + 0.0392*1.2372**n + 0.1669*1.379**n + 0.0002*n + 0.4973')",7.0,16.0
21,com.puppycrawl.tools.checkstyle.checks.EqualsHashCodeCheck:visitToken,"(26.0000000000000, 26.0000000000000)",10.0,26.0
22,com.puppycrawl.tools.checkstyle.api.AbstractFileSetCheck:filter,"('1.3532**n', '0.054*1.2157**n + 0.0517*1.3532**n + 2.6')",6.0,6.0
23,com.puppycrawl.tools.checkstyle.api.LocalizedMessage:compareTo,"(5.00000000000000, 5.00000000000000)",5.0,5.0
24,com.puppycrawl.tools.checkstyle.checks.RedundantImportCheck:visitToken,"('1.2207**n', '0.5174*0.7245**n + 0.4569*1.0633**n + 0.9162*1.2207**n + 2.0')",6.0,10.0
25,com.puppycrawl.tools.checkstyle.api.LocalizedMessage:equals,"(6.00000000000000, 6.00000000000000)",6.0,6.0
26,com.puppycrawl.tools.checkstyle.checks.IllegalInstantiationCheck:getIllegalInstantiation,"('1.4863**n', '2022.1539*0.7604**n + 22.461*0.8738**n + 2.5918*0.8912**n + 0.0619*1.0388**n + 1.3763*1.1017**n + 0.1011*1.1426**n + 0.099*1.4863**n + 1.1056')",17.0,191.0
27,com.puppycrawl.tools.checkstyle.checks.JavadocTypeCheck:visitToken,"(16.0000000000000, 16.0000000000000)",7.0,16.0
28,com.puppycrawl.tools.checkstyle.checks.FinalParametersCheck:visitToken,"('1.3247**n', '0.1981*1.3247**n + 1.6581')",6.0,6.0
29,com.puppycrawl.tools.checkstyle.checks.NoWhitespaceBeforeCheck:visitToken,"('1.1673**n', '1.0539*1.099**n + 5.8073*1.1673**n + 15.0')",8.0,33.0
30,com.puppycrawl.tools.checkstyle.checks.RedundantModifierCheck:visitToken,"(n, '0.5258*1.0**n + 0.8333*n + 2.6667')",7.0,7.0
31,com.puppycrawl.tools.checkstyle.checks.SimplifyBooleanReturnCheck:isBooleanLiteralType,"(12.0000000000000, 12.0000000000000)",5.0,12.0
32,com.puppycrawl.tools.checkstyle.checks.JavadocTypeCheck:checkTag,"('1.3247**n', '1.1865*0.8688**n + 0.3472*1.3247**n + 0.2236')",6.0,9.0
33,com.puppycrawl.tools.checkstyle.ConfigurationLoader:startElement,"(7.00000000000000, 7.00000000000000)",6.0,7.0
34,com.puppycrawl.tools.checkstyle.OptionTest:testLeftCurlyOption,"(8.00000000000000, 8.00000000000000)",4.0,8.0
35,com.puppycrawl.tools.checkstyle.checks.EmptyForIteratorPadCheck:visitToken,"(11.0000000000000, 11.0000000000000)",8.0,11.0
36,com.puppycrawl.tools.checkstyle.api.ScopeUtils:getSurroundingScope,"('1.3524**n', '3.3007*0.4295**n + 0.2069*1.0424**n + 0.1088*1.2631**n + 0.2358*1.3524**n + 0.3334')",7.0,9.0
37,com.puppycrawl.tools.checkstyle.checks.TranslationCheck:loadKeys,"(n, '0.5*n + 3.5')",7.0,7.0
38,com.puppycrawl.tools.checkstyle.api.ScopeUtils:getScopeFromMods,"(n, '0.5506*1.0**n + 0.8*n + 2.6')",5.0,5.0
39,com.puppycrawl.tools.checkstyle.checks.JavadocMethodCheck:isShortName,"(6.00000000000000, 6.00000000000000)",6.0,6.0
40,com.puppycrawl.tools.checkstyle.checks.HeaderCheck:beginTree,"('1.1892**n', '1.5292*1.1892**n + 0.9223')",5.0,5.0
41,com.puppycrawl.tools.checkstyle.checks.MemberNameCheck:mustCheckName,"(12.0000000000000, 12.0000000000000)",6.0,12.0
42,com.puppycrawl.tools.checkstyle.Main:traverse,"(n, '0.5*n + 0.5')",5.0,5.0
43,com.puppycrawl.tools.checkstyle.api.FullIdent:append,"(9.00000000000000, 9.00000000000000)",5.0,9.0
44,com.puppycrawl.tools.checkstyle.api.ScopeUtils:inCodeBlock,"(n, '0.5258*1.0**n + 0.8333*n + 2.8333')",6.0,6.0
45,com.puppycrawl.tools.checkstyle.ConfigurationLoader:replaceProperties,"('1.1939**n', '0.2736*0.8424**n + 0.2419*1.0865**n + 1.1297*1.1939**n + 1.0')",5.0,5.0
46,com.puppycrawl.tools.checkstyle.api.AbstractFileSetCheck:setFileExtensions,"('1.1892**n', '1.3933*1.1892**n + 0.9417')",4.0,4.0
47,com.puppycrawl.tools.checkstyle.checks.JavadocMethodCheck:processMethod,"(8.00000000000000, 8.00000000000000)",5.0,8.0
48,com.puppycrawl.tools.checkstyle.checks.LocalFinalVariableNameCheck:mustCheckName,"(9.00000000000000, 9.00000000000000)",5.0,9.0
49,com.puppycrawl.tools.checkstyle.checks.JavadocVariableCheck:visitToken,"(9.00000000000000, 9.00000000000000)",6.0,9.0
50,com.puppycrawl.tools.checkstyle.checks.LocalVariableNameCheck:mustCheckName,"(9.00000000000000, 9.00000000000000)",5.0,9.0
51,com.puppycrawl.tools.checkstyle.checks.ParenPadCheck:processLeft,"(10.0000000000000, 10.0000000000000)",7.0,10.0
52,com.puppycrawl.tools.checkstyle.checks.TodoCommentCheck:checkBadComments,"('1.392**n', '0.2472*0.6374**n + 0.5345*0.8313**n + 2.5853*0.8672**n + 0.0359*1.1765**n + 0.0445*1.2644**n + 0.03*1.392**n + 2.0')",5.0,5.0
53,com.puppycrawl.tools.checkstyle.checks.JavadocMethodCheck:checkComment,"('1.2207**n', '0.373*1.0633**n + 1.6028*1.2207**n + 3.0')",6.0,13.0
54,com.puppycrawl.tools.checkstyle.checks.UnusedImportsCheck:visitToken,"(6.00000000000000, 6.00000000000000)",6.0,6.0
55,com.puppycrawl.tools.checkstyle.api.AutomaticBean:contextualize,"(n, '0.5*n + 3.0')",6.0,6.0
56,com.puppycrawl.tools.checkstyle.api.DetailAST:getPreviousSibling,"(n, '0.3849*1.0**n + 0.6667*n + 1.3333')",4.0,4.0
57,com.puppycrawl.tools.checkstyle.checks.HiddenFieldCheck:visitToken,"('1.2207**n', '0.4382*0.7245**n + 0.2581*1.0633**n + 0.4843*1.2207**n')",4.0,4.0
58,com.puppycrawl.tools.checkstyle.checks.EmptyBlockCheck:visitToken,"(6.00000000000000, 6.00000000000000)",6.0,6.0
59,com.puppycrawl.tools.checkstyle.api.ScopeUtils:inInterfaceBlock,"(n, '0.7194*n + 2.3458')",4.0,4.0
60,com.puppycrawl.tools.checkstyle.PackageNamesLoader:getPackageName,"('1.2207**n', '0.3175*0.7245**n + 0.2744*1.0633**n + 0.5912*1.2207**n')",4.0,4.0
61,com.puppycrawl.tools.checkstyle.checks.HeaderCheck:setHeaderFile,"(n, '0.5*n + 1.0')",5.0,5.0
62,com.puppycrawl.tools.checkstyle.checks.OperatorWrapCheck:visitToken,"(10.0000000000000, 10.0000000000000)",6.0,10.0
63,com.puppycrawl.tools.checkstyle.checks.ModifierOrderCheck:checkOrderSuggestedByJLS,"('1.3247**n', '0.8328*0.8688**n + 0.461*1.3247**n + 1.3162')",5.0,7.0
64,com.puppycrawl.tools.checkstyle.checks.RedundantImportCheck:fromPackage,"(4.00000000000000, 4.00000000000000)",4.0,4.0
65,com.puppycrawl.tools.checkstyle.checks.HiddenFieldCheck:processVariable,"(n, '0.3849*1.0**n + 0.6667*n + 1.3333')",5.0,5.0
66,com.puppycrawl.tools.checkstyle.checks.TranslationCheck:compareKeySets,"('1.3247**n', '0.2345*1.3247**n')",4.0,4.0
67,com.puppycrawl.tools.checkstyle.checks.TranslationCheck:checkPropertyFileSets,"('1.292**n', '0.9179*0.7246**n + 0.205*1.1286**n + 0.017*1.1571**n + 0.2557*1.292**n')",4.0,4.0
68,com.puppycrawl.tools.checkstyle.checks.JavadocMethodCheck:getThrows,"('1.2906**n', '0.1426*1.2221**n + 0.2898*1.2906**n + 0.6667')",5.0,5.0
69,com.puppycrawl.tools.checkstyle.checks.JavadocMethodCheck:checkReturnTag,"('1.2786**n', '0.0713*0.65**n + 0.4498*0.9591**n + 0.1268*1.1437**n + 0.5603*1.2786**n + 1.0')",5.0,8.0
70,com.puppycrawl.tools.checkstyle.ConfigurationLoader:loadConfiguration,"(6.00000000000000, 6.00000000000000)",6.0,6.0
71,com.puppycrawl.tools.checkstyle.OptionTest:testBlockOption,"(4.00000000000000, 4.00000000000000)",3.0,4.0
72,com.puppycrawl.tools.checkstyle.OptionTest:testOperatorWrapOption,"(4.00000000000000, 4.00000000000000)",3.0,4.0
73,com.puppycrawl.tools.checkstyle.OptionTest:testEqualKeys,"(4.00000000000000, 4.00000000000000)",3.0,4.0
74,com.puppycrawl.tools.checkstyle.OptionTest:testPadOption,"(4.00000000000000, 4.00000000000000)",3.0,4.0
75,com.puppycrawl.tools.checkstyle.OptionTest:testRightCurlyOption,"(4.00000000000000, 4.00000000000000)",3.0,4.0
76,com.puppycrawl.tools.checkstyle.api.FileContents:extractCComment,"(n, '0.5*n + 1.5')",3.0,3.0
77,com.puppycrawl.tools.checkstyle.api.ScopeUtils:isOuterMostType,"(n, '0.7819*n + 3.0777')",4.0,4.0
78,com.puppycrawl.tools.checkstyle.checks.JavadocMethodCheck:visitToken,"(4.00000000000000, 4.00000000000000)",4.0,4.0
79,com.puppycrawl.tools.checkstyle.api.Utils:lengthExpandedTabs,"('1.1892**n', '1.6184*1.1892**n + 2.5477')",3.0,3.0
80,com.puppycrawl.tools.checkstyle.gui.AbstractTreeTableModel:fireTreeNodesChanged,"('1.2786**n', '0.2539*0.9591**n + 0.1706*1.1437**n + 0.402*1.2786**n + 0.5')",4.0,4.0
81,com.puppycrawl.tools.checkstyle.checks.ModifierOrderCheck:visitToken,"(n, '1.5*n + 7.0')",4.0,6.0
82,com.puppycrawl.tools.checkstyle.checks.NeedBracesCheck:visitToken,"(9.00000000000000, 9.00000000000000)",5.0,9.0
83,com.puppycrawl.tools.checkstyle.checks.SimplifyBooleanReturnCheck:isBooleanLiteralReturnStatement,"(5.00000000000000, 5.00000000000000)",5.0,5.0
84,com.puppycrawl.tools.checkstyle.gui.ParseTreeModel:getColumnClass,"(6.00000000000000, 6.00000000000000)",6.0,6.0
85,com.puppycrawl.tools.checkstyle.gui.AbstractTreeTableModel:fireTreeNodesInserted,"('1.2786**n', '0.2539*0.9591**n + 0.1706*1.1437**n + 0.402*1.2786**n + 0.5')",4.0,4.0
86,com.puppycrawl.tools.checkstyle.gui.ParseTreeModel:getValueAt,"(6.00000000000000, 6.00000000000000)",6.0,6.0
87,com.puppycrawl.tools.checkstyle.PackageObjectFactory:doMakeObject,"(5.00000000000000, 5.00000000000000)",4.0,5.0
88,com.puppycrawl.tools.checkstyle.checks.ClassResolverTest:testMisc,"(4.00000000000000, 4.00000000000000)",4.0,4.0
89,com.puppycrawl.tools.checkstyle.StringArrayReader:read,"(4.00000000000000, 4.00000000000000)",4.0,4.0
90,com.puppycrawl.tools.checkstyle.api.DetailAST:getBranchTokenTypes,"(n, '0.5*n + 1.5')",3.0,3.0
91,com.puppycrawl.tools.checkstyle.checks.VisibilityModifierCheck:inInterfaceBlock,"(n, '0.6667*1.0**n + 1.0*n + 2.6667')",4.0,4.0
92,com.puppycrawl.tools.checkstyle.api.DetailAST:findFirstToken,"(n, '0.3849*1.0**n + 0.6667*n + 2.0')",3.0,3.0
93,com.puppycrawl.tools.checkstyle.api.DetailAST:getColumnNo,"(4.00000000000000, 4.00000000000000)",4.0,4.0
94,com.puppycrawl.tools.checkstyle.api.DetailAST:getLineNo,"(4.00000000000000, 4.00000000000000)",4.0,4.0
95,com.puppycrawl.tools.checkstyle.api.FileContents:reportCComment,"(4.00000000000000, 4.00000000000000)",3.0,4.0
96,com.puppycrawl.tools.checkstyle.api.FullIdent:extractFullIdent,"(3.00000000000000, 3.00000000000000)",3.0,3.0
97,com.puppycrawl.tools.checkstyle.gui.AbstractTreeTableModel:fireTreeNodesRemoved,"('1.2786**n', '0.2539*0.9591**n + 0.1706*1.1437**n + 0.402*1.2786**n + 0.5')",4.0,4.0
98,com.puppycrawl.tools.checkstyle.api.Utils:lengthMinusTrailingWhitespace,"(n, '0.3849*1.0**n + 0.6667*n + 2.0')",3.0,3.0
99,com.puppycrawl.tools.checkstyle.api.Utils:whitespaceBefore,"(n, '0.3849*1.0**n + 0.6667*n + 1.6667')",3.0,3.0
100,com.puppycrawl.tools.checkstyle.gui.AbstractTreeTableModel:fireTreeStructureChanged,"('1.2786**n', '0.2539*0.9591**n + 0.1706*1.1437**n + 0.402*1.2786**n + 0.5')",4.0,4.0
101,com.puppycrawl.tools.checkstyle.checks.IllegalImportCheck:isIllegalImport,"(n, '0.3849*1.0**n + 0.6667*n + 1.6667')",3.0,3.0
102,com.puppycrawl.tools.checkstyle.checks.IllegalInstantiationCheck:processLiteralNew,"(5.00000000000000, 5.00000000000000)",4.0,5.0
103,com.puppycrawl.tools.checkstyle.checks.LineLengthCheck:beginTree,"('1.3247**n', '0.3464*1.3247**n + 0.6581')",4.0,4.0
104,com.puppycrawl.tools.checkstyle.checks.InnerAssignmentCheck:isAssignment,"(n, '0.3849*1.0**n + 0.6667*n + 1.6667')",3.0,3.0
105,com.puppycrawl.tools.checkstyle.checks.JavadocMethodCheck:isSameType,"(4.00000000000000, 4.00000000000000)",4.0,4.0
106,com.puppycrawl.tools.checkstyle.api.DetailAST:getChildCount,"('1.2207**n', '0.23*0.7245**n + 0.2918*1.0633**n + 0.7217*1.2207**n + 1.0')",3.0,3.0
107,com.puppycrawl.tools.checkstyle.api.FileContents:getJavadocBefore,"('1.2207**n', '0.6682*0.7245**n + 0.1324*1.0633**n + 1.2061*1.2207**n + 2.0')",4.0,4.0
108,com.puppycrawl.tools.checkstyle.checks.RegexpHeaderCheck:setHeaderFile,"(n, '0.5*n + 0.5')",4.0,4.0
109,com.puppycrawl.tools.checkstyle.checks.SimplifyBooleanReturnCheck:visitToken,"(4.00000000000000, 4.00000000000000)",4.0,4.0
110,com.puppycrawl.tools.checkstyle.checks.EqualsHashCodeCheck:finishTree,"('1.2207**n', '0.23*0.7245**n + 0.2918*1.0633**n + 0.7217*1.2207**n + 1.0')",3.0,3.0
111,com.puppycrawl.tools.checkstyle.checks.PackageHtmlCheck:process,"('1.2207**n', '0.23*0.7245**n + 0.2918*1.0633**n + 0.7217*1.2207**n + 1.0')",3.0,3.0
112,com.puppycrawl.tools.checkstyle.checks.GenericIllegalRegexpCheck:beginTree,"('1.2207**n', '0.23*0.7245**n + 0.2918*1.0633**n + 0.7217*1.2207**n + 1.0')",3.0,3.0
113,com.puppycrawl.tools.checkstyle.checks.TranslationCheck:arrangePropertyFiles,"('1.2207**n', '0.23*0.7245**n + 0.2918*1.0633**n + 0.7217*1.2207**n + 1.0')",3.0,3.0
114,com.puppycrawl.tools.checkstyle.checks.VisibilityModifierCheck:getModifiers,"(n, '0.5*n + 1.0')",3.0,3.0
115,com.puppycrawl.tools.checkstyle.checks.TodoCommentCheck:checkCppComments,"('1.2207**n', '0.23*0.7245**n + 0.2918*1.0633**n + 0.7217*1.2207**n + 1.0')",3.0,3.0
116,com.puppycrawl.tools.checkstyle.checks.UnusedImportsCheck:finishTree,"('1.2207**n', '0.23*0.7245**n + 0.2918*1.0633**n + 0.7217*1.2207**n + 1.0')",3.0,3.0
117,com.puppycrawl.tools.checkstyle.checks.JavadocMethodCheck:getParameters,"('1.2207**n', '0.23*0.7245**n + 0.2918*1.0633**n + 0.7217*1.2207**n + 1.0')",3.0,3.0
118,com.puppycrawl.tools.checkstyle.checks.VisibilityModifierCheck:getVisibilityScope,"(n, '0.3849*1.0**n + 0.6667*n + 1.6667')",3.0,3.0
119,com.puppycrawl.tools.checkstyle.checks.VisibilityModifierCheck:getVarNameAST,"(n, '0.3849*1.0**n + 0.6667*n + 1.6667')",3.0,3.0
120,com.puppycrawl.tools.checkstyle.AbstractLoader:resolveEntity,"(3.00000000000000, 3.00000000000000)",3.0,3.0
121,com.puppycrawl.tools.checkstyle.DefaultLogger:closeStreams,"(4.00000000000000, 4.00000000000000)",3.0,4.0
122,com.puppycrawl.tools.checkstyle.PackageNamesLoader:loadModuleFactory,"(5.00000000000000, 5.00000000000000)",5.0,5.0
123,com.puppycrawl.tools.checkstyle.gui.AbstractCellEditor:fireEditingCanceled,"('1.2207**n', '0.23*0.7245**n + 0.2918*1.0633**n + 0.7217*1.2207**n + 1.0')",3.0,3.0
124,com.puppycrawl.tools.checkstyle.PackageNamesLoader:startElement,"(3.00000000000000, 3.00000000000000)",3.0,3.0
125,com.puppycrawl.tools.checkstyle.PropertyCacheFile:alreadyChecked,"(3.00000000000000, 3.00000000000000)",3.0,3.0
126,com.puppycrawl.tools.checkstyle.checks.PackageHtmlCheck:getParentDirs,"('1.2207**n', '0.23*0.7245**n + 0.2918*1.0633**n + 0.7217*1.2207**n + 1.0')",3.0,3.0
127,com.puppycrawl.tools.checkstyle.api.CheckstyleException:initCause,"(3.00000000000000, 3.00000000000000)",3.0,3.0
128,com.puppycrawl.tools.checkstyle.gui.AbstractTreeTableModel:getIndexOfChild,"(n, '0.3849*1.0**n + 0.6667*n + 1.6667')",3.0,3.0
129,com.puppycrawl.tools.checkstyle.checks.JavadocMethodCheck:checkThrowsTags,"('1.4571**n', '764.5496*0.7214**n + 2.617*0.8528**n + 0.2517*0.9352**n + 0.043*1.0833**n + 0.4174*1.1276**n + 0.0055*1.1838**n + 0.0788*1.196**n + 0.1306*1.4571**n + 0.0595*n + 0.4332')",13.0,84.0
130,com.puppycrawl.tools.checkstyle.api.TokenTypes:getTokenName,"(3.00000000000000, 3.00000000000000)",3.0,3.0
131,com.puppycrawl.tools.checkstyle.checks.JavadocMethodCheck:isFunction,"(4.00000000000000, 4.00000000000000)",4.0,4.0
132,com.puppycrawl.tools.checkstyle.checks.IllegalInstantiationCheck:visitToken,"(4.00000000000000, 4.00000000000000)",4.0,4.0
133,com.puppycrawl.tools.checkstyle.checks.JavadocTag:isSeeOrInheritDocTag,"(3.00000000000000, 3.00000000000000)",3.0,3.0
134,com.puppycrawl.tools.checkstyle.gui.AbstractCellEditor:fireEditingStopped,"('1.2207**n', '0.23*0.7245**n + 0.2918*1.0633**n + 0.7217*1.2207**n + 1.0')",3.0,3.0
135,com.puppycrawl.tools.checkstyle.checks.ParameterNameCheck:mustCheckName,"(3.00000000000000, 3.00000000000000)",3.0,3.0
136,com.puppycrawl.tools.checkstyle.checks.JavadocTag:isThrowsTag,"(3.00000000000000, 3.00000000000000)",3.0,3.0
137,com.puppycrawl.tools.checkstyle.checks.UnusedImportsCheck:processIdent,"(3.00000000000000, 3.00000000000000)",3.0,3.0
138,com.puppycrawl.tools.checkstyle.DefaultLogger:DefaultLogger,"(2.00000000000000, 2.00000000000000)",2.0,2.0
139,com.puppycrawl.tools.checkstyle.PackageObjectFactory:createObject,"(4.00000000000000, 4.00000000000000)",4.0,4.0
140,com.puppycrawl.tools.checkstyle.StringArrayReader:dataAvailable,"(2.00000000000000, 2.00000000000000)",2.0,2.0
141,com.puppycrawl.tools.checkstyle.ConfigurationLoaderTest:verifyConfigNode,"(n, '0.5*n + 1.5')",2.0,2.0
142,com.puppycrawl.tools.checkstyle.ConfigurationLoaderTest:testReplacePropertiesNoReplace,"(n, '0.5*n + 1.5')",2.0,2.0
143,com.puppycrawl.tools.checkstyle.XMLLogger:auditFinished,"(2.00000000000000, 2.00000000000000)",2.0,2.0
144,com.puppycrawl.tools.checkstyle.ConfigurationLoaderTest:testReplacePropertiesReplace,"(n, '0.5*n + 1.5')",2.0,2.0
145,com.puppycrawl.tools.checkstyle.api.DetailAST:branchContains,"(2.00000000000000, 2.00000000000000)",2.0,2.0
146,com.puppycrawl.tools.checkstyle.api.Scope:isIn,"(2.00000000000000, 2.00000000000000)",2.0,2.0
147,com.puppycrawl.tools.checkstyle.checks.AbstractNameCheck:visitToken,"(3.00000000000000, 3.00000000000000)",3.0,3.0
148,com.puppycrawl.tools.checkstyle.api.Check:setTokens,"(n, '0.5*n + 1.5')",2.0,2.0
149,com.puppycrawl.tools.checkstyle.checks.AvoidStarImportCheck:visitToken,"(3.00000000000000, 3.00000000000000)",3.0,3.0
150,com.puppycrawl.tools.checkstyle.api.DetailAST:getLastChild,"(n, '0.3849*1.0**n + 0.6667*n + 1.6667')",3.0,3.0
151,com.puppycrawl.tools.checkstyle.checks.HeaderCheck:isIgnoreLine,"(2.00000000000000, 2.00000000000000)",2.0,2.0
152,com.puppycrawl.tools.checkstyle.checks.HeaderCheck:setIgnoreLines,"(3.00000000000000, 3.00000000000000)",3.0,3.0
153,com.puppycrawl.tools.checkstyle.api.Utils:getLines,"(n, '0.5*n + 1.5')",2.0,2.0
154,com.puppycrawl.tools.checkstyle.checks.IllegalInstantiationCheck:basename,"(2.00000000000000, 2.00000000000000)",2.0,2.0
155,com.puppycrawl.tools.checkstyle.checks.MethodLengthCheck:visitToken,"(3.00000000000000, 3.00000000000000)",3.0,3.0
156,com.puppycrawl.tools.checkstyle.checks.ParenPadCheck:visitToken,"(2.00000000000000, 2.00000000000000)",2.0,2.0
157,com.puppycrawl.tools.checkstyle.checks.TranslationCheck:extractPropertyIdentifier,"(2.00000000000000, 2.00000000000000)",2.0,2.0
158,com.puppycrawl.tools.checkstyle.checks.JavadocMethodCheck:basename,"(2.00000000000000, 2.00000000000000)",2.0,2.0
159,com.puppycrawl.tools.checkstyle.checks.UnusedImportsCheck:basename,"(2.00000000000000, 2.00000000000000)",2.0,2.0
160,com.puppycrawl.tools.checkstyle.checks.UnusedImportsCheck:processImport,"(3.00000000000000, 3.00000000000000)",3.0,3.0
161,com.puppycrawl.tools.checkstyle.gui.AbstractTreeTableModel:isCellEditable,"(2.00000000000000, 2.00000000000000)",2.0,2.0
162,com.puppycrawl.tools.checkstyle.gui.AbstractTreeTableModel:isLeaf,"(2.00000000000000, 2.00000000000000)",2.0,2.0
163,com.puppycrawl.tools.checkstyle.ConfigurationLoaderTest:testMissingConfigName,"(2.00000000000000, 2.00000000000000)",2.0,2.0
164,com.puppycrawl.tools.checkstyle.ConfigurationLoader:endElement,"(2.00000000000000, 2.00000000000000)",2.0,2.0
165,com.puppycrawl.tools.checkstyle.ConfigurationLoaderTest:testMissingConfigParent,"(2.00000000000000, 2.00000000000000)",2.0,2.0
166,com.puppycrawl.tools.checkstyle.ConfigurationLoaderTest:testMissingPropertyName,"(2.00000000000000, 2.00000000000000)",2.0,2.0
167,com.puppycrawl.tools.checkstyle.ConfigurationLoaderTest:testMissingPropertyValue,"(2.00000000000000, 2.00000000000000)",2.0,2.0
168,com.puppycrawl.tools.checkstyle.ConfigurationLoaderTest:testReplacePropertiesMissingProperty,"(2.00000000000000, 2.00000000000000)",2.0,2.0
169,com.puppycrawl.tools.checkstyle.ConfigurationLoaderTest:testReplacePropertiesSyntaxError,"(2.00000000000000, 2.00000000000000)",2.0,2.0
170,com.puppycrawl.tools.checkstyle.gui.ParseTreeModel:getChild,"(n, '0.5*n + 1.5')",2.0,2.0
171,com.puppycrawl.tools.checkstyle.DefaultLogger:addError,"(2.00000000000000, 2.00000000000000)",2.0,2.0
172,com.puppycrawl.tools.checkstyle.checks.IllegalInstantiationCheck:setClasses,"(n, '0.5*n + 1.5')",2.0,2.0
173,com.puppycrawl.tools.checkstyle.Main:loadProperties,"(2.00000000000000, 2.00000000000000)",2.0,2.0
174,com.puppycrawl.tools.checkstyle.DefaultConfiguration:getAttribute,"(2.00000000000000, 2.00000000000000)",2.0,2.0
175,com.puppycrawl.tools.checkstyle.PropertyCacheFile:hexEncode,"(n, '0.5*n + 1.5')",2.0,2.0
176,com.puppycrawl.tools.checkstyle.PackageNamesLoader:endElement,"(2.00000000000000, 2.00000000000000)",2.0,2.0
177,com.puppycrawl.tools.checkstyle.PackageNamesLoaderTest:testNoFile,"(2.00000000000000, 2.00000000000000)",2.0,2.0
178,com.puppycrawl.tools.checkstyle.PackageObjectFactory:createModule,"(3.00000000000000, 3.00000000000000)",3.0,3.0
179,com.puppycrawl.tools.checkstyle.PackageObjectFactoryTest:testMakeObectNoClass,"(2.00000000000000, 2.00000000000000)",2.0,2.0
180,com.puppycrawl.tools.checkstyle.StringArrayReaderTest:testClose,"(2.00000000000000, 2.00000000000000)",2.0,2.0
181,com.puppycrawl.tools.checkstyle.StringArrayReaderTest:testLineBreakCharArray,"(2.00000000000000, 2.00000000000000)",2.0,2.0
182,com.puppycrawl.tools.checkstyle.StringArrayReaderTest:testLineBreakSingleChar,"(2.00000000000000, 2.00000000000000)",2.0,2.0
183,com.puppycrawl.tools.checkstyle.StringArrayReaderTest:testNoLineBreakCharArray,"(2.00000000000000, 2.00000000000000)",2.0,2.0
184,com.puppycrawl.tools.checkstyle.StringArrayReader:ensureOpen,"(2.00000000000000, 2.00000000000000)",2.0,2.0
185,com.puppycrawl.tools.checkstyle.UtilsTest:testBadRegex,"(2.00000000000000, 2.00000000000000)",2.0,2.0
186,com.puppycrawl.tools.checkstyle.XMLLogger:addError,"(2.00000000000000, 2.00000000000000)",2.0,2.0
187,com.puppycrawl.tools.checkstyle.api.LocalizedMessage:getBundle,"(2.00000000000000, 2.00000000000000)",2.0,2.0
188,com.puppycrawl.tools.checkstyle.api.TokenTypes:getTokenId,"(2.00000000000000, 2.00000000000000)",2.0,2.0
189,com.puppycrawl.tools.checkstyle.checks.EqualsHashCodeCheck:isObjectParam,"(2.00000000000000, 2.00000000000000)",2.0,2.0
190,com.puppycrawl.tools.checkstyle.checks.AbstractOptionCheck:setOption,"(2.00000000000000, 2.00000000000000)",2.0,2.0
191,com.puppycrawl.tools.checkstyle.checks.FileLengthCheck:beginTree,"(2.00000000000000, 2.00000000000000)",2.0,2.0
192,com.puppycrawl.tools.checkstyle.api.Scope:getInstance,"(2.00000000000000, 2.00000000000000)",2.0,2.0
193,com.puppycrawl.tools.checkstyle.api.Utils:getRE,"(2.00000000000000, 2.00000000000000)",2.0,2.0
194,com.puppycrawl.tools.checkstyle.checks.IllegalInstantiationCheck:processImport,"(2.00000000000000, 2.00000000000000)",2.0,2.0
195,com.puppycrawl.tools.checkstyle.checks.HeaderCheck:finishLocalSetup,"(2.00000000000000, 2.00000000000000)",2.0,2.0
196,com.puppycrawl.tools.checkstyle.checks.IllegalImportCheck:visitToken,"(2.00000000000000, 2.00000000000000)",2.0,2.0
197,com.puppycrawl.tools.checkstyle.checks.ParameterNumberCheck:visitToken,"(2.00000000000000, 2.00000000000000)",2.0,2.0
198,com.puppycrawl.tools.checkstyle.checks.SimplifyBooleanReturnCheck:returnsOnlyBooleanLiteral,"(2.00000000000000, 2.00000000000000)",2.0,2.0
199,com.puppycrawl.tools.checkstyle.checks.SimplifyBooleanExpressionCheck:visitToken,"(2.00000000000000, 2.00000000000000)",2.0,2.0
200,com.puppycrawl.tools.checkstyle.checks.PackageNameCheck:visitToken,"(2.00000000000000, 2.00000000000000)",2.0,2.0
201,com.puppycrawl.tools.checkstyle.checks.HiddenFieldCheck:leaveToken,"(2.00000000000000, 2.00000000000000)",2.0,2.0
202,com.puppycrawl.tools.checkstyle.checks.TabCharacterCheck:beginTree,"('1.2207**n', '0.23*0.7245**n + 0.2918*1.0633**n + 0.7217*1.2207**n + 1.0')",3.0,3.0
203,com.puppycrawl.tools.checkstyle.checks.JavadocMethodCheck:processImport,"(2.00000000000000, 2.00000000000000)",2.0,2.0
204,com.puppycrawl.tools.checkstyle.checks.UpperEllCheck:visitToken,"(2.00000000000000, 2.00000000000000)",2.0,2.0
205,com.puppycrawl.tools.checkstyle.api.ScopeTest:testMisc,"(2.00000000000000, 2.00000000000000)",2.0,2.0
206,com.puppycrawl.tools.checkstyle.checks.FileLengthCheckTest:testArgs,"(2.00000000000000, 2.00000000000000)",2.0,2.0
207,com.puppycrawl.tools.checkstyle.checks.TranslationCheck:logIOException,"(2.00000000000000, 2.00000000000000)",2.0,2.0
208,com.puppycrawl.tools.checkstyle.checks.HeaderCheckTest:testNoHeader,"(2.00000000000000, 2.00000000000000)",2.0,2.0
209,com.puppycrawl.tools.checkstyle.checks.HeaderCheckTest:testEmptyFilename,"(2.00000000000000, 2.00000000000000)",2.0,2.0
210,com.puppycrawl.tools.checkstyle.PropertyCacheFile:getConfigHashCode,"(2.00000000000000, 2.00000000000000)",2.0,2.0
211,com.puppycrawl.tools.checkstyle.checks.ConstantNameCheckTest:testIllegalRegexp,"(2.00000000000000, 2.00000000000000)",2.0,2.0
212,com.puppycrawl.tools.checkstyle.DefaultLogger:addException,"(2.00000000000000, 2.00000000000000)",2.0,2.0
213,com.puppycrawl.tools.checkstyle.api.LocalizedMessage:getMessage,"(2.00000000000000, 2.00000000000000)",2.0,2.0
214,com.puppycrawl.tools.checkstyle.checks.HeaderCheckTest:testIllegalArgs,"(2.00000000000000, 2.00000000000000)",2.0,2.0
215,com.puppycrawl.tools.checkstyle.XMLLogger:setOutputStream,"(2.00000000000000, 2.00000000000000)",2.0,2.0
216,com.puppycrawl.tools.checkstyle.api.Utils:createRE,"(2.00000000000000, 2.00000000000000)",2.0,2.0
217,com.puppycrawl.tools.checkstyle.checks.JavadocTypeCheck:setVersionFormat,"(2.00000000000000, 2.00000000000000)",2.0,2.0
218,com.puppycrawl.tools.checkstyle.checks.JavadocTypeCheck:setAuthorFormat,"(2.00000000000000, 2.00000000000000)",2.0,2.0
219,com.puppycrawl.tools.checkstyle.AbstractLoader:error,"(1.00000000000000, 1.00000000000000)",1.0,1.0
220,com.puppycrawl.tools.checkstyle.checks.VisibilityModifierCheck:setPublicMemberPattern,"(2.00000000000000, 2.00000000000000)",2.0,2.0
221,com.puppycrawl.tools.checkstyle.AbstractLoader:fatalError,"(1.00000000000000, 1.00000000000000)",1.0,1.0
222,com.puppycrawl.tools.checkstyle.checks.LineLengthCheck:setIgnorePattern,"(2.00000000000000, 2.00000000000000)",2.0,2.0
223,com.puppycrawl.tools.checkstyle.checks.AbstractFormatCheck:setFormat,"(2.00000000000000, 2.00000000000000)",2.0,2.0
224,com.puppycrawl.tools.checkstyle.AbstractLoader:warning,"(1.00000000000000, 1.00000000000000)",1.0,1.0
225,com.puppycrawl.tools.checkstyle.checks.ClassResolver:isLoadable,"(2.00000000000000, 2.00000000000000)",2.0,2.0
226,com.puppycrawl.tools.checkstyle.AllTests:main,"(1.00000000000000, 1.00000000000000)",1.0,1.0
227,com.puppycrawl.tools.checkstyle.AbstractLoader:AbstractLoader,"(1.00000000000000, 1.00000000000000)",1.0,1.0
228,com.puppycrawl.tools.checkstyle.AuditEvent:getColumn,"(1.00000000000000, 1.00000000000000)",1.0,1.0
229,com.puppycrawl.tools.checkstyle.AbstractLoader:parseInputSource,"(1.00000000000000, 1.00000000000000)",1.0,1.0
230,com.puppycrawl.tools.checkstyle.AuditEvent:getFileName,"(1.00000000000000, 1.00000000000000)",1.0,1.0
231,com.puppycrawl.tools.checkstyle.AuditEvent:getLocalizedMessage,"(1.00000000000000, 1.00000000000000)",1.0,1.0
232,com.puppycrawl.tools.checkstyle.AuditEvent:getLine,"(1.00000000000000, 1.00000000000000)",1.0,1.0
233,com.puppycrawl.tools.checkstyle.AuditEvent:getMessage,"(1.00000000000000, 1.00000000000000)",1.0,1.0
234,com.puppycrawl.tools.checkstyle.AllTests:suite,"(1.00000000000000, 1.00000000000000)",1.0,1.0
235,com.puppycrawl.tools.checkstyle.AuditEvent:AuditEvent,"(1.00000000000000, 1.00000000000000)",1.0,1.0
236,com.puppycrawl.tools.checkstyle.ConfigurationLoader:getConfiguration,"(1.00000000000000, 1.00000000000000)",1.0,1.0
237,com.puppycrawl.tools.checkstyle.ConfigurationLoader:ConfigurationLoader,"(1.00000000000000, 1.00000000000000)",1.0,1.0
238,com.puppycrawl.tools.checkstyle.ConfigurationLoader:parseInputStream,"(1.00000000000000, 1.00000000000000)",1.0,1.0
239,com.puppycrawl.tools.checkstyle.ConfigurationLoaderTest:loadConfiguration,"(1.00000000000000, 1.00000000000000)",1.0,1.0
240,com.puppycrawl.tools.checkstyle.ConfigurationLoaderTest:initProperties,"(1.00000000000000, 1.00000000000000)",1.0,1.0
241,com.puppycrawl.tools.checkstyle.ConfigurationLoaderTest:testEmptyConfiguration,"(1.00000000000000, 1.00000000000000)",1.0,1.0
242,com.puppycrawl.tools.checkstyle.ConfigurationLoaderTest:testCheckstyleChecks,"(1.00000000000000, 1.00000000000000)",1.0,1.0
243,com.puppycrawl.tools.checkstyle.DefaultConfiguration:addAttribute,"(1.00000000000000, 1.00000000000000)",1.0,1.0
244,com.puppycrawl.tools.checkstyle.DefaultConfiguration:addChild,"(1.00000000000000, 1.00000000000000)",1.0,1.0
245,com.puppycrawl.tools.checkstyle.DefaultConfiguration:getName,"(1.00000000000000, 1.00000000000000)",1.0,1.0
246,com.puppycrawl.tools.checkstyle.DefaultConfiguration:getAttributeNames,"(1.00000000000000, 1.00000000000000)",1.0,1.0
247,com.puppycrawl.tools.checkstyle.DefaultConfiguration:DefaultConfiguration,"(1.00000000000000, 1.00000000000000)",1.0,1.0
248,com.puppycrawl.tools.checkstyle.DefaultContext:add,"(1.00000000000000, 1.00000000000000)",1.0,1.0
249,com.puppycrawl.tools.checkstyle.DefaultContext:getAttributeNames,"(1.00000000000000, 1.00000000000000)",1.0,1.0
250,com.puppycrawl.tools.checkstyle.DefaultConfiguration:getChildren,"(1.00000000000000, 1.00000000000000)",1.0,1.0
251,com.puppycrawl.tools.checkstyle.DefaultContext:get,"(1.00000000000000, 1.00000000000000)",1.0,1.0
252,com.puppycrawl.tools.checkstyle.DefaultLogger:auditFinished,"(1.00000000000000, 1.00000000000000)",1.0,1.0
253,com.puppycrawl.tools.checkstyle.DefaultLogger:auditStarted,"(1.00000000000000, 1.00000000000000)",1.0,1.0
254,com.puppycrawl.tools.checkstyle.DefaultLogger:fileStarted,"(1.00000000000000, 1.00000000000000)",1.0,1.0
255,com.puppycrawl.tools.checkstyle.LocalizedMessageTest:setUp,"(1.00000000000000, 1.00000000000000)",1.0,1.0
256,com.puppycrawl.tools.checkstyle.LocalizedMessageTest:testMisc,"(1.00000000000000, 1.00000000000000)",1.0,1.0
257,com.puppycrawl.tools.checkstyle.DefaultLogger:fileFinished,"(1.00000000000000, 1.00000000000000)",1.0,1.0
258,com.puppycrawl.tools.checkstyle.PackageNamesLoader:getModuleFactory,"(1.00000000000000, 1.00000000000000)",1.0,1.0
259,com.puppycrawl.tools.checkstyle.Main:usage,"(1.00000000000000, 1.00000000000000)",1.0,1.0
260,com.puppycrawl.tools.checkstyle.PackageNamesLoader:PackageNamesLoader,"(1.00000000000000, 1.00000000000000)",1.0,1.0
261,com.puppycrawl.tools.checkstyle.PackageNamesLoaderTest:testDefault,"(1.00000000000000, 1.00000000000000)",1.0,1.0
262,com.puppycrawl.tools.checkstyle.PackageNamesLoaderTest:testFile,"(1.00000000000000, 1.00000000000000)",1.0,1.0
263,com.puppycrawl.tools.checkstyle.PackageObjectFactory:addPackage,"(1.00000000000000, 1.00000000000000)",1.0,1.0
264,com.puppycrawl.tools.checkstyle.PackageObjectFactory:PackageObjectFactory,"(1.00000000000000, 1.00000000000000)",1.0,1.0
265,com.puppycrawl.tools.checkstyle.PackageObjectFactoryTest:setUp,"(1.00000000000000, 1.00000000000000)",1.0,1.0
266,com.puppycrawl.tools.checkstyle.PackageNamesLoaderTest:validateFactory,"(1.00000000000000, 1.00000000000000)",1.0,1.0
267,com.puppycrawl.tools.checkstyle.PackageObjectFactoryTest:testMakeCheckFromName,"(1.00000000000000, 1.00000000000000)",1.0,1.0
268,com.puppycrawl.tools.checkstyle.PackageObjectFactoryTest:testMakeObectFromList,"(1.00000000000000, 1.00000000000000)",1.0,1.0
269,com.puppycrawl.tools.checkstyle.PackageObjectFactory:getPackages,"(1.00000000000000, 1.00000000000000)",1.0,1.0
270,com.puppycrawl.tools.checkstyle.PropertyCacheFile:checkedOk,"(1.00000000000000, 1.00000000000000)",1.0,1.0
271,com.puppycrawl.tools.checkstyle.PackageObjectFactoryTest:testMakeObjectFromName,"(1.00000000000000, 1.00000000000000)",1.0,1.0
272,com.puppycrawl.tools.checkstyle.XMLLogger:addException,"(1.00000000000000, 1.00000000000000)",1.0,1.0
273,com.puppycrawl.tools.checkstyle.UtilsTest:testLengthExpandedTabs,"(1.00000000000000, 1.00000000000000)",1.0,1.0
274,com.puppycrawl.tools.checkstyle.XMLLogger:auditStarted,"(1.00000000000000, 1.00000000000000)",1.0,1.0
275,com.puppycrawl.tools.checkstyle.StringArrayReader:StringArrayReader,"(1.00000000000000, 1.00000000000000)",1.0,1.0
276,com.puppycrawl.tools.checkstyle.XMLLogger:fileStarted,"(1.00000000000000, 1.00000000000000)",1.0,1.0
277,com.puppycrawl.tools.checkstyle.StringArrayReader:close,"(1.00000000000000, 1.00000000000000)",1.0,1.0
278,com.puppycrawl.tools.checkstyle.api.AbstractFileSetCheck:destroy,"(1.00000000000000, 1.00000000000000)",1.0,1.0
279,com.puppycrawl.tools.checkstyle.XMLLogger:XMLLogger,"(1.00000000000000, 1.00000000000000)",1.0,1.0
280,com.puppycrawl.tools.checkstyle.XMLLogger:fileFinished,"(1.00000000000000, 1.00000000000000)",1.0,1.0
281,com.puppycrawl.tools.checkstyle.api.AbstractFileSetCheck:getMessageBundle,"(1.00000000000000, 1.00000000000000)",1.0,1.0
282,com.puppycrawl.tools.checkstyle.api.AbstractFileSetCheck:getMessageDispatcher,"(1.00000000000000, 1.00000000000000)",1.0,1.0
283,com.puppycrawl.tools.checkstyle.api.AbstractFileSetCheck:setMessageDispatcher,"(1.00000000000000, 1.00000000000000)",1.0,1.0
284,com.puppycrawl.tools.checkstyle.api.AutomaticBean:finishLocalSetup,"(1.00000000000000, 1.00000000000000)",1.0,1.0
285,com.puppycrawl.tools.checkstyle.api.AutomaticBean:getConfiguration,"(1.00000000000000, 1.00000000000000)",1.0,1.0
286,com.puppycrawl.tools.checkstyle.api.AutomaticBean:setupChild,"(1.00000000000000, 1.00000000000000)",1.0,1.0
287,com.puppycrawl.tools.checkstyle.api.AutomaticBean:initConverters,"(1.00000000000000, 1.00000000000000)",1.0,1.0
288,com.puppycrawl.tools.checkstyle.api.Check:finishTree,"(1.00000000000000, 1.00000000000000)",1.0,1.0
289,com.puppycrawl.tools.checkstyle.api.Check:destroy,"(1.00000000000000, 1.00000000000000)",1.0,1.0
290,com.puppycrawl.tools.checkstyle.api.Check:getAcceptableTokens,"(1.00000000000000, 1.00000000000000)",1.0,1.0
291,com.puppycrawl.tools.checkstyle.api.Check:beginTree,"(1.00000000000000, 1.00000000000000)",1.0,1.0
292,com.puppycrawl.tools.checkstyle.api.Check:getClassLoader,"(1.00000000000000, 1.00000000000000)",1.0,1.0
293,com.puppycrawl.tools.checkstyle.api.Check:getFileContents,"(1.00000000000000, 1.00000000000000)",1.0,1.0
294,com.puppycrawl.tools.checkstyle.api.Check:getLines,"(1.00000000000000, 1.00000000000000)",1.0,1.0
295,com.puppycrawl.tools.checkstyle.api.Check:getTabWidth,"(1.00000000000000, 1.00000000000000)",1.0,1.0
296,com.puppycrawl.tools.checkstyle.api.Check:getResourceBundle,"(1.00000000000000, 1.00000000000000)",1.0,1.0
297,com.puppycrawl.tools.checkstyle.api.Check:getTokenNames,"(1.00000000000000, 1.00000000000000)",1.0,1.0
298,com.puppycrawl.tools.checkstyle.api.Check:log,"(1.00000000000000, 1.00000000000000)",1.0,1.0
299,com.puppycrawl.tools.checkstyle.api.Check:leaveToken,"(1.00000000000000, 1.00000000000000)",1.0,1.0
300,com.puppycrawl.tools.checkstyle.api.Check:getRequiredTokens,"(1.00000000000000, 1.00000000000000)",1.0,1.0
301,com.puppycrawl.tools.checkstyle.api.Check:setFileContents,"(1.00000000000000, 1.00000000000000)",1.0,1.0
302,com.puppycrawl.tools.checkstyle.api.Check:setClassLoader,"(1.00000000000000, 1.00000000000000)",1.0,1.0
303,com.puppycrawl.tools.checkstyle.api.Check:setTabWidth,"(1.00000000000000, 1.00000000000000)",1.0,1.0
304,com.puppycrawl.tools.checkstyle.api.Check:visitToken,"(1.00000000000000, 1.00000000000000)",1.0,1.0
305,com.puppycrawl.tools.checkstyle.api.Check:setMessages,"(1.00000000000000, 1.00000000000000)",1.0,1.0
306,com.puppycrawl.tools.checkstyle.api.CheckstyleException:getCause,"(1.00000000000000, 1.00000000000000)",1.0,1.0
307,com.puppycrawl.tools.checkstyle.api.DetailAST:getParent,"(1.00000000000000, 1.00000000000000)",1.0,1.0
308,com.puppycrawl.tools.checkstyle.api.CheckstyleException:CheckstyleException,"(1.00000000000000, 1.00000000000000)",1.0,1.0
309,com.puppycrawl.tools.checkstyle.api.DetailAST:setFirstChild,"(1.00000000000000, 1.00000000000000)",1.0,1.0
310,com.puppycrawl.tools.checkstyle.api.DetailAST:setParent,"(1.00000000000000, 1.00000000000000)",1.0,1.0
311,com.puppycrawl.tools.checkstyle.api.FileContents:getCppComments,"(1.00000000000000, 1.00000000000000)",1.0,1.0
312,com.puppycrawl.tools.checkstyle.api.FileContents:getCComments,"(1.00000000000000, 1.00000000000000)",1.0,1.0
313,com.puppycrawl.tools.checkstyle.api.DetailAST:initialize,"(1.00000000000000, 1.00000000000000)",1.0,1.0
314,com.puppycrawl.tools.checkstyle.api.FileContents:getFilename,"(1.00000000000000, 1.00000000000000)",1.0,1.0
315,com.puppycrawl.tools.checkstyle.api.FileContents:getLines,"(1.00000000000000, 1.00000000000000)",1.0,1.0
316,com.puppycrawl.tools.checkstyle.api.FileContents:FileContents,"(1.00000000000000, 1.00000000000000)",1.0,1.0
317,com.puppycrawl.tools.checkstyle.api.FileContents:lineIsComment,"(1.00000000000000, 1.00000000000000)",1.0,1.0
318,com.puppycrawl.tools.checkstyle.api.FileContents:lineIsBlank,"(1.00000000000000, 1.00000000000000)",1.0,1.0
319,com.puppycrawl.tools.checkstyle.api.FileContents:reportCppComment,"(1.00000000000000, 1.00000000000000)",1.0,1.0
320,com.puppycrawl.tools.checkstyle.api.FullIdent:createFullIdent,"(1.00000000000000, 1.00000000000000)",1.0,1.0
321,com.puppycrawl.tools.checkstyle.api.FullIdent:getLineNo,"(1.00000000000000, 1.00000000000000)",1.0,1.0
322,com.puppycrawl.tools.checkstyle.api.FullIdent:FullIdent,"(1.00000000000000, 1.00000000000000)",1.0,1.0
323,com.puppycrawl.tools.checkstyle.api.FullIdent:getColumnNo,"(1.00000000000000, 1.00000000000000)",1.0,1.0
324,com.puppycrawl.tools.checkstyle.api.FullIdent:getText,"(1.00000000000000, 1.00000000000000)",1.0,1.0
325,com.puppycrawl.tools.checkstyle.api.LocalizedMessage:getColumnNo,"(1.00000000000000, 1.00000000000000)",1.0,1.0
326,com.puppycrawl.tools.checkstyle.api.LocalizedMessage:getKey,"(1.00000000000000, 1.00000000000000)",1.0,1.0
327,com.puppycrawl.tools.checkstyle.api.LocalizedMessage:getLineNo,"(1.00000000000000, 1.00000000000000)",1.0,1.0
328,com.puppycrawl.tools.checkstyle.api.LocalizedMessage:hashCode,"(1.00000000000000, 1.00000000000000)",1.0,1.0
329,com.puppycrawl.tools.checkstyle.api.LocalizedMessage:setLocale,"(1.00000000000000, 1.00000000000000)",1.0,1.0
330,com.puppycrawl.tools.checkstyle.api.LocalizedMessages:add,"(1.00000000000000, 1.00000000000000)",1.0,1.0
331,com.puppycrawl.tools.checkstyle.api.LocalizedMessage:LocalizedMessage,"(1.00000000000000, 1.00000000000000)",1.0,1.0
332,com.puppycrawl.tools.checkstyle.api.LocalizedMessages:getMessages,"(1.00000000000000, 1.00000000000000)",1.0,1.0
333,com.puppycrawl.tools.checkstyle.api.LocalizedMessages:reset,"(1.00000000000000, 1.00000000000000)",1.0,1.0
334,com.puppycrawl.tools.checkstyle.api.Scope:compareTo,"(1.00000000000000, 1.00000000000000)",1.0,1.0
335,com.puppycrawl.tools.checkstyle.api.LocalizedMessages:size,"(1.00000000000000, 1.00000000000000)",1.0,1.0
336,com.puppycrawl.tools.checkstyle.api.Scope:getName,"(1.00000000000000, 1.00000000000000)",1.0,1.0
337,com.puppycrawl.tools.checkstyle.api.Scope:Scope,"(1.00000000000000, 1.00000000000000)",1.0,1.0
338,com.puppycrawl.tools.checkstyle.api.Scope:readResolve,"(1.00000000000000, 1.00000000000000)",1.0,1.0
339,com.puppycrawl.tools.checkstyle.api.Scope:toString,"(1.00000000000000, 1.00000000000000)",1.0,1.0
340,com.puppycrawl.tools.checkstyle.api.ScopeUtils:ScopeUtils,"(1.00000000000000, 1.00000000000000)",1.0,1.0
341,com.puppycrawl.tools.checkstyle.api.Utils:Utils,"(1.00000000000000, 1.00000000000000)",1.0,1.0
342,com.puppycrawl.tools.checkstyle.api.TokenTypes:TokenTypes,"(1.00000000000000, 1.00000000000000)",1.0,1.0
343,com.puppycrawl.tools.checkstyle.checks.AbstractFormatCheck:getFormat,"(1.00000000000000, 1.00000000000000)",1.0,1.0
344,com.puppycrawl.tools.checkstyle.checks.AbstractFormatCheck:getRegexp,"(1.00000000000000, 1.00000000000000)",1.0,1.0
345,com.puppycrawl.tools.checkstyle.checks.AbstractFormatCheck:AbstractFormatCheck,"(1.00000000000000, 1.00000000000000)",1.0,1.0
346,com.puppycrawl.tools.checkstyle.checks.AbstractNameCheck:AbstractNameCheck,"(1.00000000000000, 1.00000000000000)",1.0,1.0
347,com.puppycrawl.tools.checkstyle.checks.AbstractImportCheck:getImportText,"(1.00000000000000, 1.00000000000000)",1.0,1.0
348,com.puppycrawl.tools.checkstyle.checks.AbstractNameCheck:mustCheckName,"(1.00000000000000, 1.00000000000000)",1.0,1.0
349,com.puppycrawl.tools.checkstyle.checks.AbstractOption:readResolve,"(1.00000000000000, 1.00000000000000)",1.0,1.0
350,com.puppycrawl.tools.checkstyle.checks.AbstractOption:decode,"(1.00000000000000, 1.00000000000000)",1.0,1.0
351,com.puppycrawl.tools.checkstyle.checks.AbstractOption:toString,"(1.00000000000000, 1.00000000000000)",1.0,1.0
352,com.puppycrawl.tools.checkstyle.checks.AbstractOption:AbstractOption,"(1.00000000000000, 1.00000000000000)",1.0,1.0
353,com.puppycrawl.tools.checkstyle.checks.AbstractOptionCheck:getAbstractOption,"(1.00000000000000, 1.00000000000000)",1.0,1.0
354,com.puppycrawl.tools.checkstyle.checks.AvoidStarImportCheck:getDefaultTokens,"(1.00000000000000, 1.00000000000000)",1.0,1.0
355,com.puppycrawl.tools.checkstyle.checks.AbstractOptionCheck:AbstractOptionCheck,"(1.00000000000000, 1.00000000000000)",1.0,1.0
356,com.puppycrawl.tools.checkstyle.checks.BlockOption:getStrToOpt,"(1.00000000000000, 1.00000000000000)",1.0,1.0
357,com.puppycrawl.tools.checkstyle.checks.BlockOption:BlockOption,"(1.00000000000000, 1.00000000000000)",1.0,1.0
358,com.puppycrawl.tools.checkstyle.checks.ClassResolver:safeLoad,"(1.00000000000000, 1.00000000000000)",1.0,1.0
359,com.puppycrawl.tools.checkstyle.checks.ConstantNameCheck:getDefaultTokens,"(1.00000000000000, 1.00000000000000)",1.0,1.0
360,com.puppycrawl.tools.checkstyle.checks.ConstantNameCheck:ConstantNameCheck,"(1.00000000000000, 1.00000000000000)",1.0,1.0
361,com.puppycrawl.tools.checkstyle.checks.EmptyBlockCheck:getDefaultTokens,"(1.00000000000000, 1.00000000000000)",1.0,1.0
362,com.puppycrawl.tools.checkstyle.checks.EmptyBlockCheck:EmptyBlockCheck,"(1.00000000000000, 1.00000000000000)",1.0,1.0
363,com.puppycrawl.tools.checkstyle.checks.ClassResolver:ClassResolver,"(1.00000000000000, 1.00000000000000)",1.0,1.0
364,com.puppycrawl.tools.checkstyle.checks.EmptyForIteratorPadCheck:EmptyForIteratorPadCheck,"(1.00000000000000, 1.00000000000000)",1.0,1.0
365,com.puppycrawl.tools.checkstyle.checks.EmptyForIteratorPadCheck:getDefaultTokens,"(1.00000000000000, 1.00000000000000)",1.0,1.0
366,com.puppycrawl.tools.checkstyle.checks.EqualsHashCodeCheck:beginTree,"(1.00000000000000, 1.00000000000000)",1.0,1.0
367,com.puppycrawl.tools.checkstyle.checks.EqualsHashCodeCheck:getDefaultTokens,"(1.00000000000000, 1.00000000000000)",1.0,1.0
368,com.puppycrawl.tools.checkstyle.checks.FileLengthCheck:getDefaultTokens,"(1.00000000000000, 1.00000000000000)",1.0,1.0
369,com.puppycrawl.tools.checkstyle.checks.FileLengthCheck:setMax,"(1.00000000000000, 1.00000000000000)",1.0,1.0
370,com.puppycrawl.tools.checkstyle.checks.FinalParametersCheck:getDefaultTokens,"(1.00000000000000, 1.00000000000000)",1.0,1.0
371,com.puppycrawl.tools.checkstyle.checks.GenericIllegalRegexpCheck:getDefaultTokens,"(1.00000000000000, 1.00000000000000)",1.0,1.0
372,com.puppycrawl.tools.checkstyle.checks.HeaderCheck:getDefaultTokens,"(1.00000000000000, 1.00000000000000)",1.0,1.0
373,com.puppycrawl.tools.checkstyle.checks.HeaderCheck:getHeaderLines,"(1.00000000000000, 1.00000000000000)",1.0,1.0
374,com.puppycrawl.tools.checkstyle.checks.HiddenFieldCheck:beginTree,"(1.00000000000000, 1.00000000000000)",1.0,1.0
375,com.puppycrawl.tools.checkstyle.checks.HeaderCheck:isMatch,"(1.00000000000000, 1.00000000000000)",1.0,1.0
376,com.puppycrawl.tools.checkstyle.checks.GenericIllegalRegexpCheck:GenericIllegalRegexpCheck,"(1.00000000000000, 1.00000000000000)",1.0,1.0
377,com.puppycrawl.tools.checkstyle.checks.HiddenFieldCheck:getDefaultTokens,"(1.00000000000000, 1.00000000000000)",1.0,1.0
378,com.puppycrawl.tools.checkstyle.checks.HiddenFieldCheck:getAcceptableTokens,"(1.00000000000000, 1.00000000000000)",1.0,1.0
379,com.puppycrawl.tools.checkstyle.checks.HiddenFieldCheck:getRequiredTokens,"(1.00000000000000, 1.00000000000000)",1.0,1.0
380,com.puppycrawl.tools.checkstyle.checks.IllegalImportCheck:getDefaultTokens,"(1.00000000000000, 1.00000000000000)",1.0,1.0
381,com.puppycrawl.tools.checkstyle.checks.IllegalInstantiationCheck:beginTree,"(1.00000000000000, 1.00000000000000)",1.0,1.0
382,com.puppycrawl.tools.checkstyle.checks.IllegalImportCheck:setIllegalPkgs,"(1.00000000000000, 1.00000000000000)",1.0,1.0
383,com.puppycrawl.tools.checkstyle.checks.IllegalImportCheck:IllegalImportCheck,"(1.00000000000000, 1.00000000000000)",1.0,1.0
384,com.puppycrawl.tools.checkstyle.checks.IllegalInstantiationCheck:getAcceptableTokens,"(1.00000000000000, 1.00000000000000)",1.0,1.0
385,com.puppycrawl.tools.checkstyle.checks.IllegalInstantiationCheck:getDefaultTokens,"(1.00000000000000, 1.00000000000000)",1.0,1.0
386,com.puppycrawl.tools.checkstyle.checks.IllegalInstantiationCheck:getRequiredTokens,"(1.00000000000000, 1.00000000000000)",1.0,1.0
387,com.puppycrawl.tools.checkstyle.checks.InnerAssignmentCheck:getDefaultTokens,"(1.00000000000000, 1.00000000000000)",1.0,1.0
388,com.puppycrawl.tools.checkstyle.checks.IllegalInstantiationCheck:processPackageDef,"(1.00000000000000, 1.00000000000000)",1.0,1.0
389,com.puppycrawl.tools.checkstyle.checks.JavadocMethodCheck:beginTree,"(1.00000000000000, 1.00000000000000)",1.0,1.0
390,com.puppycrawl.tools.checkstyle.checks.JavadocMethodCheck:getDefaultTokens,"(1.00000000000000, 1.00000000000000)",1.0,1.0
391,com.puppycrawl.tools.checkstyle.checks.JavadocMethodCheck:getAcceptableTokens,"(1.00000000000000, 1.00000000000000)",1.0,1.0
392,com.puppycrawl.tools.checkstyle.checks.JavadocMethodCheck:getRequiredTokens,"(1.00000000000000, 1.00000000000000)",1.0,1.0
393,com.puppycrawl.tools.checkstyle.checks.JavadocMethodCheck:processPackage,"(1.00000000000000, 1.00000000000000)",1.0,1.0
394,com.puppycrawl.tools.checkstyle.checks.JavadocMethodCheck:setAllowUndeclaredRTE,"(1.00000000000000, 1.00000000000000)",1.0,1.0
395,com.puppycrawl.tools.checkstyle.checks.JavadocTag:getLineNo,"(1.00000000000000, 1.00000000000000)",1.0,1.0
396,com.puppycrawl.tools.checkstyle.checks.JavadocMethodCheck:setScope,"(1.00000000000000, 1.00000000000000)",1.0,1.0
397,com.puppycrawl.tools.checkstyle.checks.JavadocTag:getArg1,"(1.00000000000000, 1.00000000000000)",1.0,1.0
398,com.puppycrawl.tools.checkstyle.checks.JavadocTag:getTag,"(1.00000000000000, 1.00000000000000)",1.0,1.0
399,com.puppycrawl.tools.checkstyle.checks.JavadocTag:JavadocTag,"(1.00000000000000, 1.00000000000000)",1.0,1.0
400,com.puppycrawl.tools.checkstyle.checks.JavadocTag:isAuthorTag,"(1.00000000000000, 1.00000000000000)",1.0,1.0
401,com.puppycrawl.tools.checkstyle.checks.JavadocTag:isReturnTag,"(1.00000000000000, 1.00000000000000)",1.0,1.0
402,com.puppycrawl.tools.checkstyle.checks.JavadocTag:isParamTag,"(1.00000000000000, 1.00000000000000)",1.0,1.0
403,com.puppycrawl.tools.checkstyle.checks.JavadocTypeCheck:getDefaultTokens,"(1.00000000000000, 1.00000000000000)",1.0,1.0
404,com.puppycrawl.tools.checkstyle.checks.JavadocTag:toString,"(1.00000000000000, 1.00000000000000)",1.0,1.0
405,com.puppycrawl.tools.checkstyle.checks.JavadocTypeCheck:setScope,"(1.00000000000000, 1.00000000000000)",1.0,1.0
406,com.puppycrawl.tools.checkstyle.checks.JavadocVariableCheck:setScope,"(1.00000000000000, 1.00000000000000)",1.0,1.0
407,com.puppycrawl.tools.checkstyle.checks.JavadocVariableCheck:getDefaultTokens,"(1.00000000000000, 1.00000000000000)",1.0,1.0
408,com.puppycrawl.tools.checkstyle.checks.LeftCurlyCheck:getDefaultTokens,"(1.00000000000000, 1.00000000000000)",1.0,1.0
409,com.puppycrawl.tools.checkstyle.checks.LeftCurlyCheck:setMaxLineLength,"(1.00000000000000, 1.00000000000000)",1.0,1.0
410,com.puppycrawl.tools.checkstyle.checks.LeftCurlyOption:getStrToOpt,"(1.00000000000000, 1.00000000000000)",1.0,1.0
411,com.puppycrawl.tools.checkstyle.checks.LineLengthCheck:getDefaultTokens,"(1.00000000000000, 1.00000000000000)",1.0,1.0
412,com.puppycrawl.tools.checkstyle.checks.LineLengthCheck:LineLengthCheck,"(1.00000000000000, 1.00000000000000)",1.0,1.0
413,com.puppycrawl.tools.checkstyle.checks.LineLengthCheck:setMax,"(1.00000000000000, 1.00000000000000)",1.0,1.0
414,com.puppycrawl.tools.checkstyle.checks.LeftCurlyOption:LeftCurlyOption,"(1.00000000000000, 1.00000000000000)",1.0,1.0
415,com.puppycrawl.tools.checkstyle.checks.LeftCurlyCheck:LeftCurlyCheck,"(1.00000000000000, 1.00000000000000)",1.0,1.0
416,com.puppycrawl.tools.checkstyle.checks.LocalFinalVariableNameCheck:getDefaultTokens,"(1.00000000000000, 1.00000000000000)",1.0,1.0
417,com.puppycrawl.tools.checkstyle.checks.LocalFinalVariableNameCheck:LocalFinalVariableNameCheck,"(1.00000000000000, 1.00000000000000)",1.0,1.0
418,com.puppycrawl.tools.checkstyle.checks.LocalVariableNameCheck:getDefaultTokens,"(1.00000000000000, 1.00000000000000)",1.0,1.0
419,com.puppycrawl.tools.checkstyle.checks.LocalVariableNameCheck:LocalVariableNameCheck,"(1.00000000000000, 1.00000000000000)",1.0,1.0
420,com.puppycrawl.tools.checkstyle.checks.MemberNameCheck:getDefaultTokens,"(1.00000000000000, 1.00000000000000)",1.0,1.0
421,com.puppycrawl.tools.checkstyle.checks.MethodLengthCheck:setMax,"(1.00000000000000, 1.00000000000000)",1.0,1.0
422,com.puppycrawl.tools.checkstyle.checks.MethodNameCheck:MethodNameCheck,"(1.00000000000000, 1.00000000000000)",1.0,1.0
423,com.puppycrawl.tools.checkstyle.checks.ModifierOrderCheck:getDefaultTokens,"(1.00000000000000, 1.00000000000000)",1.0,1.0
424,com.puppycrawl.tools.checkstyle.checks.MemberNameCheck:MemberNameCheck,"(1.00000000000000, 1.00000000000000)",1.0,1.0
425,com.puppycrawl.tools.checkstyle.checks.MethodNameCheck:getDefaultTokens,"(1.00000000000000, 1.00000000000000)",1.0,1.0
426,com.puppycrawl.tools.checkstyle.checks.NeedBracesCheck:getDefaultTokens,"(1.00000000000000, 1.00000000000000)",1.0,1.0
427,com.puppycrawl.tools.checkstyle.checks.MethodLengthCheck:getDefaultTokens,"(1.00000000000000, 1.00000000000000)",1.0,1.0
428,com.puppycrawl.tools.checkstyle.checks.NoWhitespaceAfterCheck:getDefaultTokens,"(1.00000000000000, 1.00000000000000)",1.0,1.0
429,com.puppycrawl.tools.checkstyle.checks.NoWhitespaceBeforeCheck:getAcceptableTokens,"(1.00000000000000, 1.00000000000000)",1.0,1.0
430,com.puppycrawl.tools.checkstyle.checks.NoWhitespaceBeforeCheck:getDefaultTokens,"(1.00000000000000, 1.00000000000000)",1.0,1.0
431,com.puppycrawl.tools.checkstyle.checks.OperatorWrapCheck:getAcceptableTokens,"(1.00000000000000, 1.00000000000000)",1.0,1.0
432,com.puppycrawl.tools.checkstyle.checks.NoWhitespaceBeforeCheck:setAllowLineBreaks,"(1.00000000000000, 1.00000000000000)",1.0,1.0
433,com.puppycrawl.tools.checkstyle.checks.NoWhitespaceAfterCheck:setAllowLineBreaks,"(1.00000000000000, 1.00000000000000)",1.0,1.0
434,com.puppycrawl.tools.checkstyle.checks.OperatorWrapCheck:getDefaultTokens,"(1.00000000000000, 1.00000000000000)",1.0,1.0
435,com.puppycrawl.tools.checkstyle.checks.OperatorWrapCheck:OperatorWrapCheck,"(1.00000000000000, 1.00000000000000)",1.0,1.0
436,com.puppycrawl.tools.checkstyle.checks.OperatorWrapOption:getStrToOpt,"(1.00000000000000, 1.00000000000000)",1.0,1.0
437,com.puppycrawl.tools.checkstyle.checks.PackageHtmlCheck:PackageHtmlCheck,"(1.00000000000000, 1.00000000000000)",1.0,1.0
438,com.puppycrawl.tools.checkstyle.checks.OperatorWrapOption:OperatorWrapOption,"(1.00000000000000, 1.00000000000000)",1.0,1.0
439,com.puppycrawl.tools.checkstyle.checks.PackageNameCheck:getDefaultTokens,"(1.00000000000000, 1.00000000000000)",1.0,1.0
440,com.puppycrawl.tools.checkstyle.checks.PackageNameCheck:PackageNameCheck,"(1.00000000000000, 1.00000000000000)",1.0,1.0
441,com.puppycrawl.tools.checkstyle.checks.PadOption:getStrToOpt,"(1.00000000000000, 1.00000000000000)",1.0,1.0
442,com.puppycrawl.tools.checkstyle.checks.PadOption:PadOption,"(1.00000000000000, 1.00000000000000)",1.0,1.0
443,com.puppycrawl.tools.checkstyle.checks.ParameterNameCheck:getDefaultTokens,"(1.00000000000000, 1.00000000000000)",1.0,1.0
444,com.puppycrawl.tools.checkstyle.checks.ParameterNameCheck:ParameterNameCheck,"(1.00000000000000, 1.00000000000000)",1.0,1.0
445,com.puppycrawl.tools.checkstyle.checks.ParenPadCheck:getDefaultTokens,"(1.00000000000000, 1.00000000000000)",1.0,1.0
446,com.puppycrawl.tools.checkstyle.checks.ParameterNumberCheck:getDefaultTokens,"(1.00000000000000, 1.00000000000000)",1.0,1.0
447,com.puppycrawl.tools.checkstyle.checks.ParameterNumberCheck:setMax,"(1.00000000000000, 1.00000000000000)",1.0,1.0
448,com.puppycrawl.tools.checkstyle.checks.ParenPadCheck:ParenPadCheck,"(1.00000000000000, 1.00000000000000)",1.0,1.0
449,com.puppycrawl.tools.checkstyle.checks.RedundantImportCheck:beginTree,"(1.00000000000000, 1.00000000000000)",1.0,1.0
450,com.puppycrawl.tools.checkstyle.checks.RedundantModifierCheck:getDefaultTokens,"(1.00000000000000, 1.00000000000000)",1.0,1.0
451,com.puppycrawl.tools.checkstyle.checks.RedundantImportCheck:getDefaultTokens,"(1.00000000000000, 1.00000000000000)",1.0,1.0
452,com.puppycrawl.tools.checkstyle.checks.RedundantModifierCheck:getRequiredTokens,"(1.00000000000000, 1.00000000000000)",1.0,1.0
453,com.puppycrawl.tools.checkstyle.checks.RegexpHeaderCheck:isMatch,"(1.00000000000000, 1.00000000000000)",1.0,1.0
454,com.puppycrawl.tools.checkstyle.checks.RightCurlyCheck:getDefaultTokens,"(1.00000000000000, 1.00000000000000)",1.0,1.0
455,com.puppycrawl.tools.checkstyle.checks.RightCurlyCheck:RightCurlyCheck,"(1.00000000000000, 1.00000000000000)",1.0,1.0
456,com.puppycrawl.tools.checkstyle.checks.RightCurlyOption:getStrToOpt,"(1.00000000000000, 1.00000000000000)",1.0,1.0
457,com.puppycrawl.tools.checkstyle.checks.RightCurlyOption:RightCurlyOption,"(1.00000000000000, 1.00000000000000)",1.0,1.0
458,com.puppycrawl.tools.checkstyle.checks.SimplifyBooleanExpressionCheck:getAcceptableTokens,"(1.00000000000000, 1.00000000000000)",1.0,1.0
459,com.puppycrawl.tools.checkstyle.checks.SimplifyBooleanExpressionCheck:getRequiredTokens,"(1.00000000000000, 1.00000000000000)",1.0,1.0
460,com.puppycrawl.tools.checkstyle.checks.StaticVariableNameCheck:getDefaultTokens,"(1.00000000000000, 1.00000000000000)",1.0,1.0
461,com.puppycrawl.tools.checkstyle.checks.SimplifyBooleanReturnCheck:getDefaultTokens,"(1.00000000000000, 1.00000000000000)",1.0,1.0
462,com.puppycrawl.tools.checkstyle.checks.StaticVariableNameCheck:StaticVariableNameCheck,"(1.00000000000000, 1.00000000000000)",1.0,1.0
463,com.puppycrawl.tools.checkstyle.checks.SimplifyBooleanExpressionCheck:getDefaultTokens,"(1.00000000000000, 1.00000000000000)",1.0,1.0
464,com.puppycrawl.tools.checkstyle.checks.TabCharacterCheck:getDefaultTokens,"(1.00000000000000, 1.00000000000000)",1.0,1.0
465,com.puppycrawl.tools.checkstyle.checks.TodoCommentCheck:getDefaultTokens,"(1.00000000000000, 1.00000000000000)",1.0,1.0
466,com.puppycrawl.tools.checkstyle.checks.TodoCommentCheck:TodoCommentCheck,"(1.00000000000000, 1.00000000000000)",1.0,1.0
467,com.puppycrawl.tools.checkstyle.checks.TranslationCheck:TranslationCheck,"(1.00000000000000, 1.00000000000000)",1.0,1.0
468,com.puppycrawl.tools.checkstyle.checks.TranslationCheck:process,"(1.00000000000000, 1.00000000000000)",1.0,1.0
469,com.puppycrawl.tools.checkstyle.checks.TodoCommentCheck:beginTree,"(1.00000000000000, 1.00000000000000)",1.0,1.0
470,com.puppycrawl.tools.checkstyle.checks.TypeNameCheck:getDefaultTokens,"(1.00000000000000, 1.00000000000000)",1.0,1.0
471,com.puppycrawl.tools.checkstyle.checks.TypeNameCheck:TypeNameCheck,"(1.00000000000000, 1.00000000000000)",1.0,1.0
472,com.puppycrawl.tools.checkstyle.checks.UnusedImportsCheck:beginTree,"(1.00000000000000, 1.00000000000000)",1.0,1.0
473,com.puppycrawl.tools.checkstyle.checks.UnusedImportsCheck:getDefaultTokens,"(1.00000000000000, 1.00000000000000)",1.0,1.0
474,com.puppycrawl.tools.checkstyle.checks.UpperEllCheck:getDefaultTokens,"(1.00000000000000, 1.00000000000000)",1.0,1.0
475,com.puppycrawl.tools.checkstyle.checks.VisibilityModifierCheck:getPublicMemberRegexp,"(1.00000000000000, 1.00000000000000)",1.0,1.0
476,com.puppycrawl.tools.checkstyle.checks.VisibilityModifierCheck:VisibilityModifierCheck,"(1.00000000000000, 1.00000000000000)",1.0,1.0
477,com.puppycrawl.tools.checkstyle.checks.VisibilityModifierCheck:getDefaultTokens,"(1.00000000000000, 1.00000000000000)",1.0,1.0
478,com.puppycrawl.tools.checkstyle.checks.VisibilityModifierCheck:isProtectedAllowed,"(1.00000000000000, 1.00000000000000)",1.0,1.0
479,com.puppycrawl.tools.checkstyle.checks.VisibilityModifierCheck:isPackageAllowed,"(1.00000000000000, 1.00000000000000)",1.0,1.0
480,com.puppycrawl.tools.checkstyle.checks.VisibilityModifierCheck:setPackageAllowed,"(1.00000000000000, 1.00000000000000)",1.0,1.0
481,com.puppycrawl.tools.checkstyle.checks.VisibilityModifierCheck:setProtectedAllowed,"(1.00000000000000, 1.00000000000000)",1.0,1.0
482,com.puppycrawl.tools.checkstyle.checks.WhitespaceAfterCheck:getDefaultTokens,"(1.00000000000000, 1.00000000000000)",1.0,1.0
483,com.puppycrawl.tools.checkstyle.checks.WhitespaceAroundCheck:getDefaultTokens,"(1.00000000000000, 1.00000000000000)",1.0,1.0
484,com.puppycrawl.tools.checkstyle.gui.AbstractCellEditor:addCellEditorListener,"(1.00000000000000, 1.00000000000000)",1.0,1.0
485,com.puppycrawl.tools.checkstyle.gui.AbstractCellEditor:cancelCellEditing,"(1.00000000000000, 1.00000000000000)",1.0,1.0
486,com.puppycrawl.tools.checkstyle.gui.AbstractCellEditor:getCellEditorValue,"(1.00000000000000, 1.00000000000000)",1.0,1.0
487,com.puppycrawl.tools.checkstyle.gui.AbstractCellEditor:isCellEditable,"(1.00000000000000, 1.00000000000000)",1.0,1.0
488,com.puppycrawl.tools.checkstyle.gui.AbstractCellEditor:removeCellEditorListener,"(1.00000000000000, 1.00000000000000)",1.0,1.0
489,com.puppycrawl.tools.checkstyle.gui.AbstractCellEditor:stopCellEditing,"(1.00000000000000, 1.00000000000000)",1.0,1.0
490,com.puppycrawl.tools.checkstyle.gui.AbstractCellEditor:shouldSelectCell,"(1.00000000000000, 1.00000000000000)",1.0,1.0
491,com.puppycrawl.tools.checkstyle.gui.AbstractTreeTableModel:getColumnClass,"(1.00000000000000, 1.00000000000000)",1.0,1.0
492,com.puppycrawl.tools.checkstyle.gui.AbstractTreeTableModel:getRoot,"(1.00000000000000, 1.00000000000000)",1.0,1.0
493,com.puppycrawl.tools.checkstyle.gui.AbstractTreeTableModel:AbstractTreeTableModel,"(1.00000000000000, 1.00000000000000)",1.0,1.0
494,com.puppycrawl.tools.checkstyle.gui.AbstractTreeTableModel:setValueAt,"(1.00000000000000, 1.00000000000000)",1.0,1.0
495,com.puppycrawl.tools.checkstyle.gui.AbstractTreeTableModel:addTreeModelListener,"(1.00000000000000, 1.00000000000000)",1.0,1.0
496,com.puppycrawl.tools.checkstyle.gui.AbstractTreeTableModel:removeTreeModelListener,"(1.00000000000000, 1.00000000000000)",1.0,1.0
497,com.puppycrawl.tools.checkstyle.gui.Main:main,"(1.00000000000000, 1.00000000000000)",1.0,1.0
498,com.puppycrawl.tools.checkstyle.gui.ParseTreeModel:getChildCount,"(1.00000000000000, 1.00000000000000)",1.0,1.0
499,com.puppycrawl.tools.checkstyle.gui.ParseTreeModel:createArtificialTreeRoot,"(1.00000000000000, 1.00000000000000)",1.0,1.0
500,com.puppycrawl.tools.checkstyle.gui.AbstractTreeTableModel:valueForPathChanged,"(1.00000000000000, 1.00000000000000)",1.0,1.0
501,com.puppycrawl.tools.checkstyle.gui.ParseTreeModel:getColumnCount,"(1.00000000000000, 1.00000000000000)",1.0,1.0
502,com.puppycrawl.tools.checkstyle.gui.ParseTreeModel:getColumnName,"(1.00000000000000, 1.00000000000000)",1.0,1.0
503,com.puppycrawl.tools.checkstyle.gui.ParseTreeModel:ParseTreeModel,"(1.00000000000000, 1.00000000000000)",1.0,1.0
504,com.puppycrawl.tools.checkstyle.gui.ParseTreeModel:setValueAt,"(1.00000000000000, 1.00000000000000)",1.0,1.0
505,com.puppycrawl.tools.checkstyle.gui.ParseTreeModel:setParseTree,"(1.00000000000000, 1.00000000000000)",1.0,1.0
506,com.puppycrawl.tools.checkstyle.api.DetailASTTest:testGetChildCount,"(1.00000000000000, 1.00000000000000)",1.0,1.0
507,com.puppycrawl.tools.checkstyle.checks.ConstantNameCheckTest:testInterface,"(1.00000000000000, 1.00000000000000)",1.0,1.0
508,com.puppycrawl.tools.checkstyle.checks.EmptyBlockCheckTest:testStatement,"(1.00000000000000, 1.00000000000000)",1.0,1.0
509,com.puppycrawl.tools.checkstyle.checks.EmptyBlockCheckTest:testDefault,"(1.00000000000000, 1.00000000000000)",1.0,1.0
510,com.puppycrawl.tools.checkstyle.checks.EmptyBlockCheckTest:testText,"(1.00000000000000, 1.00000000000000)",1.0,1.0
511,com.puppycrawl.tools.checkstyle.checks.AvoidStarImportTest:testWithChecker,"(1.00000000000000, 1.00000000000000)",1.0,1.0
512,com.puppycrawl.tools.checkstyle.checks.EmptyForIteratorPadCheckTest:setUp,"(1.00000000000000, 1.00000000000000)",1.0,1.0
513,com.puppycrawl.tools.checkstyle.checks.ConstantNameCheckTest:testDefault,"(1.00000000000000, 1.00000000000000)",1.0,1.0
514,com.puppycrawl.tools.checkstyle.checks.EmptyForIteratorPadCheckTest:testDefault,"(1.00000000000000, 1.00000000000000)",1.0,1.0
515,com.puppycrawl.tools.checkstyle.checks.EmptyForIteratorPadCheckTest:testSpaceOption,"(1.00000000000000, 1.00000000000000)",1.0,1.0
516,com.puppycrawl.tools.checkstyle.checks.FileLengthCheckTest:runIt,"(1.00000000000000, 1.00000000000000)",1.0,1.0
517,com.puppycrawl.tools.checkstyle.checks.FileLengthCheckTest:testAlarm,"(1.00000000000000, 1.00000000000000)",1.0,1.0
518,com.puppycrawl.tools.checkstyle.checks.FileLengthCheckTest:testOK,"(1.00000000000000, 1.00000000000000)",1.0,1.0
519,com.puppycrawl.tools.checkstyle.checks.EqualsHashCodeCheckTest:testIt,"(1.00000000000000, 1.00000000000000)",1.0,1.0
520,com.puppycrawl.tools.checkstyle.checks.FinalParametersCheckTest:testCtorToken,"(1.00000000000000, 1.00000000000000)",1.0,1.0
521,com.puppycrawl.tools.checkstyle.checks.FinalParametersCheckTest:testDefaultTokens,"(1.00000000000000, 1.00000000000000)",1.0,1.0
522,com.puppycrawl.tools.checkstyle.checks.FinalParametersCheckTest:testMethodToken,"(1.00000000000000, 1.00000000000000)",1.0,1.0
523,com.puppycrawl.tools.checkstyle.checks.GenericIllegalRegexpCheckTest:testIt,"(1.00000000000000, 1.00000000000000)",1.0,1.0
524,com.puppycrawl.tools.checkstyle.checks.HeaderCheckTest:testRegexpHeaderIgnore,"(1.00000000000000, 1.00000000000000)",1.0,1.0
525,com.puppycrawl.tools.checkstyle.checks.HeaderCheckTest:testRegexpHeader,"(1.00000000000000, 1.00000000000000)",1.0,1.0
526,com.puppycrawl.tools.checkstyle.checks.HeaderCheckTest:testStaticHeader,"(1.00000000000000, 1.00000000000000)",1.0,1.0
527,com.puppycrawl.tools.checkstyle.checks.HiddenFieldCheckTest:testDefault,"(1.00000000000000, 1.00000000000000)",1.0,1.0
528,com.puppycrawl.tools.checkstyle.checks.HiddenFieldCheckTest:testNoParameters,"(1.00000000000000, 1.00000000000000)",1.0,1.0
529,com.puppycrawl.tools.checkstyle.checks.HiddenFieldCheckTest:testReordered,"(1.00000000000000, 1.00000000000000)",1.0,1.0
530,com.puppycrawl.tools.checkstyle.checks.IllegalImportCheckTest:testWithDefault,"(1.00000000000000, 1.00000000000000)",1.0,1.0
531,com.puppycrawl.tools.checkstyle.checks.IllegalImportCheckTest:testWithSupplied,"(1.00000000000000, 1.00000000000000)",1.0,1.0
532,com.puppycrawl.tools.checkstyle.checks.IllegalInstantiationCheckTest:testIt,"(1.00000000000000, 1.00000000000000)",1.0,1.0
533,com.puppycrawl.tools.checkstyle.checks.JavadocMethodCheckTest:testRelaxedJavadoc,"(1.00000000000000, 1.00000000000000)",1.0,1.0
534,com.puppycrawl.tools.checkstyle.checks.JavadocMethodCheckTest:testNoJavadoc,"(1.00000000000000, 1.00000000000000)",1.0,1.0
535,com.puppycrawl.tools.checkstyle.checks.InnerAssignmentCheckTest:testIt,"(1.00000000000000, 1.00000000000000)",1.0,1.0
536,com.puppycrawl.tools.checkstyle.checks.JavadocMethodCheckTest:testScopeAnonInnerAnonInner,"(1.00000000000000, 1.00000000000000)",1.0,1.0
537,com.puppycrawl.tools.checkstyle.checks.JavadocMethodCheckTest:testScopeAnonInnerPrivate,"(1.00000000000000, 1.00000000000000)",1.0,1.0
538,com.puppycrawl.tools.checkstyle.checks.JavadocMethodCheckTest:testScopeAnonInnerWithResolver,"(1.00000000000000, 1.00000000000000)",1.0,1.0
539,com.puppycrawl.tools.checkstyle.checks.JavadocMethodCheckTest:testScopeInnerInterfacesPublic,"(1.00000000000000, 1.00000000000000)",1.0,1.0
540,com.puppycrawl.tools.checkstyle.checks.JavadocMethodCheckTest:testStrictJavadoc,"(1.00000000000000, 1.00000000000000)",1.0,1.0
541,com.puppycrawl.tools.checkstyle.checks.JavadocMethodCheckTest:testTagsWithResolver,"(1.00000000000000, 1.00000000000000)",1.0,1.0
542,com.puppycrawl.tools.checkstyle.checks.JavadocMethodCheckTest:testTags,"(1.00000000000000, 1.00000000000000)",1.0,1.0
543,com.puppycrawl.tools.checkstyle.checks.JavadocTypeCheckTest:testAuthorRegularEx,"(1.00000000000000, 1.00000000000000)",1.0,1.0
544,com.puppycrawl.tools.checkstyle.checks.JavadocTypeCheckTest:testAuthorRequired,"(1.00000000000000, 1.00000000000000)",1.0,1.0
545,com.puppycrawl.tools.checkstyle.checks.JavadocTypeCheckTest:testAuthorRegularExError,"(1.00000000000000, 1.00000000000000)",1.0,1.0
546,com.puppycrawl.tools.checkstyle.checks.JavadocTypeCheckTest:testEclipse,"(1.00000000000000, 1.00000000000000)",1.0,1.0
547,com.puppycrawl.tools.checkstyle.checks.JavadocTypeCheckTest:testInner,"(1.00000000000000, 1.00000000000000)",1.0,1.0
548,com.puppycrawl.tools.checkstyle.checks.JavadocTypeCheckTest:testPkg,"(1.00000000000000, 1.00000000000000)",1.0,1.0
549,com.puppycrawl.tools.checkstyle.checks.JavadocTypeCheckTest:testProtest,"(1.00000000000000, 1.00000000000000)",1.0,1.0
550,com.puppycrawl.tools.checkstyle.checks.JavadocTypeCheckTest:testProtected,"(1.00000000000000, 1.00000000000000)",1.0,1.0
551,com.puppycrawl.tools.checkstyle.checks.JavadocTypeCheckTest:testPublic,"(1.00000000000000, 1.00000000000000)",1.0,1.0
552,com.puppycrawl.tools.checkstyle.checks.JavadocTypeCheckTest:testStrict,"(1.00000000000000, 1.00000000000000)",1.0,1.0
553,com.puppycrawl.tools.checkstyle.checks.JavadocTypeCheckTest:testTags,"(1.00000000000000, 1.00000000000000)",1.0,1.0
554,com.puppycrawl.tools.checkstyle.checks.JavadocTypeCheckTest:testVersionRegularEx,"(1.00000000000000, 1.00000000000000)",1.0,1.0
555,com.puppycrawl.tools.checkstyle.checks.JavadocTypeCheckTest:testVersionRequired,"(1.00000000000000, 1.00000000000000)",1.0,1.0
556,com.puppycrawl.tools.checkstyle.checks.JavadocTypeCheckTest:testVersionRegularExError,"(1.00000000000000, 1.00000000000000)",1.0,1.0
557,com.puppycrawl.tools.checkstyle.checks.JavadocVariableCheckTest:testAnother2,"(1.00000000000000, 1.00000000000000)",1.0,1.0
558,com.puppycrawl.tools.checkstyle.checks.JavadocVariableCheckTest:testAnother3,"(1.00000000000000, 1.00000000000000)",1.0,1.0
559,com.puppycrawl.tools.checkstyle.checks.JavadocVariableCheckTest:testAnother4,"(1.00000000000000, 1.00000000000000)",1.0,1.0
560,com.puppycrawl.tools.checkstyle.checks.JavadocVariableCheckTest:testDefault,"(1.00000000000000, 1.00000000000000)",1.0,1.0
561,com.puppycrawl.tools.checkstyle.checks.JavadocVariableCheckTest:testAnother,"(1.00000000000000, 1.00000000000000)",1.0,1.0
562,com.puppycrawl.tools.checkstyle.checks.LeftCurlyCheckTest:testDefault2,"(1.00000000000000, 1.00000000000000)",1.0,1.0
563,com.puppycrawl.tools.checkstyle.checks.LeftCurlyCheckTest:testDefault3,"(1.00000000000000, 1.00000000000000)",1.0,1.0
564,com.puppycrawl.tools.checkstyle.checks.LeftCurlyCheckTest:testDefault,"(1.00000000000000, 1.00000000000000)",1.0,1.0
565,com.puppycrawl.tools.checkstyle.checks.LeftCurlyCheckTest:testMissingBraces,"(1.00000000000000, 1.00000000000000)",1.0,1.0
566,com.puppycrawl.tools.checkstyle.checks.LeftCurlyCheckTest:testNL2,"(1.00000000000000, 1.00000000000000)",1.0,1.0
567,com.puppycrawl.tools.checkstyle.checks.LeftCurlyCheckTest:testNL3,"(1.00000000000000, 1.00000000000000)",1.0,1.0
568,com.puppycrawl.tools.checkstyle.checks.LeftCurlyCheckTest:testNLOW,"(1.00000000000000, 1.00000000000000)",1.0,1.0
569,com.puppycrawl.tools.checkstyle.checks.LeftCurlyCheckTest:testNL,"(1.00000000000000, 1.00000000000000)",1.0,1.0
570,com.puppycrawl.tools.checkstyle.checks.LocalFinalVariableNameCheckTest:testSet,"(1.00000000000000, 1.00000000000000)",1.0,1.0
571,com.puppycrawl.tools.checkstyle.checks.LineLengthCheckTest:testSimple,"(1.00000000000000, 1.00000000000000)",1.0,1.0
572,com.puppycrawl.tools.checkstyle.checks.LocalFinalVariableNameCheckTest:testDefault,"(1.00000000000000, 1.00000000000000)",1.0,1.0
573,com.puppycrawl.tools.checkstyle.checks.MemberNameCheckTest:testSpecified,"(1.00000000000000, 1.00000000000000)",1.0,1.0
574,com.puppycrawl.tools.checkstyle.checks.LocalVariableNameCheckTest:testDefault,"(1.00000000000000, 1.00000000000000)",1.0,1.0
575,com.puppycrawl.tools.checkstyle.checks.MethodLengthCheckTest:testAbstract,"(1.00000000000000, 1.00000000000000)",1.0,1.0
576,com.puppycrawl.tools.checkstyle.checks.MethodLengthCheckTest:testIt,"(1.00000000000000, 1.00000000000000)",1.0,1.0
577,com.puppycrawl.tools.checkstyle.checks.MethodNameCheckTest:testDefault,"(1.00000000000000, 1.00000000000000)",1.0,1.0
578,com.puppycrawl.tools.checkstyle.checks.ModifierOrderCheckTest:testIt,"(1.00000000000000, 1.00000000000000)",1.0,1.0
579,com.puppycrawl.tools.checkstyle.checks.NeedBracesCheckTest:testIt,"(1.00000000000000, 1.00000000000000)",1.0,1.0
580,com.puppycrawl.tools.checkstyle.checks.NoWhitespaceAfterCheckTest:setUp,"(1.00000000000000, 1.00000000000000)",1.0,1.0
581,com.puppycrawl.tools.checkstyle.checks.NoWhitespaceAfterCheckTest:testDefault,"(1.00000000000000, 1.00000000000000)",1.0,1.0
582,com.puppycrawl.tools.checkstyle.checks.NoWhitespaceBeforeCheckTest:testDefault,"(1.00000000000000, 1.00000000000000)",1.0,1.0
583,com.puppycrawl.tools.checkstyle.checks.NoWhitespaceBeforeCheckTest:setUp,"(1.00000000000000, 1.00000000000000)",1.0,1.0
584,com.puppycrawl.tools.checkstyle.checks.NoWhitespaceBeforeCheckTest:testDotAllowLineBreaks,"(1.00000000000000, 1.00000000000000)",1.0,1.0
585,com.puppycrawl.tools.checkstyle.checks.NoWhitespaceBeforeCheckTest:testDot,"(1.00000000000000, 1.00000000000000)",1.0,1.0
586,com.puppycrawl.tools.checkstyle.checks.NoWhitespaceAfterCheckTest:testDotAllowLineBreaks,"(1.00000000000000, 1.00000000000000)",1.0,1.0
587,com.puppycrawl.tools.checkstyle.checks.OperatorWrapCheckTest:setUp,"(1.00000000000000, 1.00000000000000)",1.0,1.0
588,com.puppycrawl.tools.checkstyle.checks.OperatorWrapCheckTest:testDefault,"(1.00000000000000, 1.00000000000000)",1.0,1.0
589,com.puppycrawl.tools.checkstyle.checks.PackageNameCheckTest:testDefault,"(1.00000000000000, 1.00000000000000)",1.0,1.0
590,com.puppycrawl.tools.checkstyle.checks.PackageHtmlCheckTest:createCheckerConfig,"(1.00000000000000, 1.00000000000000)",1.0,1.0
591,com.puppycrawl.tools.checkstyle.checks.PackageHtmlCheckTest:testPackageHtml,"(1.00000000000000, 1.00000000000000)",1.0,1.0
592,com.puppycrawl.tools.checkstyle.checks.ParameterNameCheckTest:testCatch,"(1.00000000000000, 1.00000000000000)",1.0,1.0
593,com.puppycrawl.tools.checkstyle.checks.PackageNameCheckTest:testSpecified,"(1.00000000000000, 1.00000000000000)",1.0,1.0
594,com.puppycrawl.tools.checkstyle.checks.OperatorWrapCheckTest:testOpWrapEOL,"(1.00000000000000, 1.00000000000000)",1.0,1.0
595,com.puppycrawl.tools.checkstyle.checks.OperatorWrapCheckTest:testAssignEOL,"(1.00000000000000, 1.00000000000000)",1.0,1.0
596,com.puppycrawl.tools.checkstyle.checks.ParameterNameCheckTest:testDefault,"(1.00000000000000, 1.00000000000000)",1.0,1.0
597,com.puppycrawl.tools.checkstyle.checks.ParameterNameCheckTest:testSpecified,"(1.00000000000000, 1.00000000000000)",1.0,1.0
598,com.puppycrawl.tools.checkstyle.checks.ParameterNumberCheckTest:testNum,"(1.00000000000000, 1.00000000000000)",1.0,1.0
599,com.puppycrawl.tools.checkstyle.checks.ParameterNumberCheckTest:testDefault,"(1.00000000000000, 1.00000000000000)",1.0,1.0
600,com.puppycrawl.tools.checkstyle.checks.ParenPadCheckTest:testDefault,"(1.00000000000000, 1.00000000000000)",1.0,1.0
601,com.puppycrawl.tools.checkstyle.checks.ParenPadCheckTest:testSpaceEmptyForIterator,"(1.00000000000000, 1.00000000000000)",1.0,1.0
602,com.puppycrawl.tools.checkstyle.checks.ParenPadCheckTest:testDefaultForIterator,"(1.00000000000000, 1.00000000000000)",1.0,1.0
603,com.puppycrawl.tools.checkstyle.checks.ParenPadCheckTest:testSpace,"(1.00000000000000, 1.00000000000000)",1.0,1.0
604,com.puppycrawl.tools.checkstyle.checks.RedundantModifierTest:testIt,"(1.00000000000000, 1.00000000000000)",1.0,1.0
605,com.puppycrawl.tools.checkstyle.checks.RedundantImportCheckTest:testWithChecker,"(1.00000000000000, 1.00000000000000)",1.0,1.0
606,com.puppycrawl.tools.checkstyle.checks.RightCurlyCheckTest:testAlone,"(1.00000000000000, 1.00000000000000)",1.0,1.0
607,com.puppycrawl.tools.checkstyle.checks.RightCurlyCheckTest:testDefault,"(1.00000000000000, 1.00000000000000)",1.0,1.0
608,com.puppycrawl.tools.checkstyle.checks.RightCurlyCheckTest:testSame,"(1.00000000000000, 1.00000000000000)",1.0,1.0
609,com.puppycrawl.tools.checkstyle.checks.SimplifyBooleanExpressionCheckTest:testIt,"(1.00000000000000, 1.00000000000000)",1.0,1.0
610,com.puppycrawl.tools.checkstyle.checks.SimplifyBooleanReturnCheckTest:testIt,"(1.00000000000000, 1.00000000000000)",1.0,1.0
611,com.puppycrawl.tools.checkstyle.checks.StaticVariableNameCheckTest:testSpecified,"(1.00000000000000, 1.00000000000000)",1.0,1.0
612,com.puppycrawl.tools.checkstyle.checks.TabCharacterCheckTest:testIt,"(1.00000000000000, 1.00000000000000)",1.0,1.0
613,com.puppycrawl.tools.checkstyle.checks.TranslationCheckTest:createCheckerConfig,"(1.00000000000000, 1.00000000000000)",1.0,1.0
614,com.puppycrawl.tools.checkstyle.checks.TranslationCheckTest:testTranslation,"(1.00000000000000, 1.00000000000000)",1.0,1.0
615,com.puppycrawl.tools.checkstyle.checks.TypeNameCheckTest:testDefault,"(1.00000000000000, 1.00000000000000)",1.0,1.0
616,com.puppycrawl.tools.checkstyle.checks.TodoCommentCheckTest:testIt,"(1.00000000000000, 1.00000000000000)",1.0,1.0
617,com.puppycrawl.tools.checkstyle.checks.TypeNameCheckTest:testSpecified,"(1.00000000000000, 1.00000000000000)",1.0,1.0
618,com.puppycrawl.tools.checkstyle.checks.UnusedImportsCheckTest:testDefault,"(1.00000000000000, 1.00000000000000)",1.0,1.0
619,com.puppycrawl.tools.checkstyle.checks.VisibilityModifierCheckTest:getChecker,"(1.00000000000000, 1.00000000000000)",1.0,1.0
620,com.puppycrawl.tools.checkstyle.checks.UpperEllCheckTest:testWithChecker,"(1.00000000000000, 1.00000000000000)",1.0,1.0
621,com.puppycrawl.tools.checkstyle.checks.VisibilityModifierCheckTest:testIgnoreAccess,"(1.00000000000000, 1.00000000000000)",1.0,1.0
622,com.puppycrawl.tools.checkstyle.checks.VisibilityModifierCheckTest:testInner,"(1.00000000000000, 1.00000000000000)",1.0,1.0
623,com.puppycrawl.tools.checkstyle.checks.VisibilityModifierCheckTest:testSimple,"(1.00000000000000, 1.00000000000000)",1.0,1.0
624,com.puppycrawl.tools.checkstyle.checks.VisibilityModifierCheckTest:testStrictJavadoc,"(1.00000000000000, 1.00000000000000)",1.0,1.0
625,com.puppycrawl.tools.checkstyle.checks.WhitespaceAfterCheckTest:setUp,"(1.00000000000000, 1.00000000000000)",1.0,1.0
626,com.puppycrawl.tools.checkstyle.checks.WhitespaceAfterCheckTest:testCast,"(1.00000000000000, 1.00000000000000)",1.0,1.0
627,com.puppycrawl.tools.checkstyle.checks.WhitespaceAfterCheckTest:testDefault,"(1.00000000000000, 1.00000000000000)",1.0,1.0
628,com.puppycrawl.tools.checkstyle.checks.WhitespaceAfterCheckTest:testEmptyForIterator,"(1.00000000000000, 1.00000000000000)",1.0,1.0
629,com.puppycrawl.tools.checkstyle.checks.WhitespaceAroundTest:testIt2,"(1.00000000000000, 1.00000000000000)",1.0,1.0
630,com.puppycrawl.tools.checkstyle.checks.WhitespaceAroundTest:testIt3,"(1.00000000000000, 1.00000000000000)",1.0,1.0
631,com.puppycrawl.tools.checkstyle.checks.WhitespaceAfterCheckTest:testSemi,"(1.00000000000000, 1.00000000000000)",1.0,1.0
632,com.puppycrawl.tools.checkstyle.checks.WhitespaceAroundTest:testIt,"(1.00000000000000, 1.00000000000000)",1.0,1.0
633,com.puppycrawl.tools.checkstyle.checks.JavadocMethodCheck:getMethodTags,"('1.4451**n', '7.7324*0.609**n + 536.2532*0.6818**n + 0.2297*0.8192**n + 0.1807*1.0**n + 0.1037*1.087**n + 0.1171*1.1438**n + 0.0446*1.147**n + 0.3491*1.2018**n + 0.0492*1.4451**n + 0.4347')",15.0,15.0
